id,timestamp,asset,direction,amount,mg_step,result,profit,strategy,duration
Tluxq3om2,2025-10-15T07:06:17.849Z,EURUSD,CALL,15,0,PENDING,0,Baseline,1
Tluxq3om2,2025-10-15T07:06:17.849Z,EURUSD,CALL,15,0,WIN,12,Baseline,1
Tyutqpgqm,2025-10-15T07:07:17.852Z,XAUUSD,PUT,15,0,PENDING,0,Baseline,1
Tyutqpgqm,2025-10-15T07:07:17.852Z,XAUUSD,PUT,15,0,LOSE,-15,Baseline,1
Tn22sicv6,2025-10-15T07:08:17.853Z,XAUUSD,CALL,15,0,PENDING,0,Baseline,1
Tn22sicv6,2025-10-15T07:08:17.853Z,XAUUSD,CALL,15,0,WIN,12,Baseline,1
Tf28inh0v,2025-10-15T07:09:17.855Z,EURUSD,CALL,15,0,PENDING,0,Baseline,1
Tf28inh0v,2025-10-15T07:09:17.855Z,EURUSD,CALL,15,0,WIN,12,Baseline,1
Trhj08ab3,2025-10-15T07:10:17.858Z,EURUSD,PUT,15,0,PENDING,0,Baseline,1
Trhj08ab3,2025-10-15T07:10:17.858Z,EURUSD,PUT,15,0,LOSE,-15,Baseline,1
Tiwlia8vw,2025-10-15T07:11:17.859Z,EURUSD,PUT,15,0,PENDING,0,Baseline,1
Tiwlia8vw,2025-10-15T07:11:17.859Z,EURUSD,PUT,15,0,WIN,12,Baseline,1
Tyao5p2u8,2025-10-15T07:12:17.860Z,EURUSD,PUT,15,0,PENDING,0,Baseline,1
Tyao5p2u8,2025-10-15T07:12:17.860Z,EURUSD,PUT,15,0,LOSE,-15,Baseline,1
Tc1yzko4n,2025-10-15T07:13:17.862Z,EURUSD,CALL,15,0,PENDING,0,Baseline,1
Tc1yzko4n,2025-10-15T07:13:17.862Z,EURUSD,CALL,15,0,LOSE,-15,Baseline,1
Ts7i8vqqd,2025-10-15T07:14:17.862Z,EURUSD,PUT,15,0,PENDING,0,Baseline,1
Ts7i8vqqd,2025-10-15T07:14:17.862Z,EURUSD,PUT,15,0,WIN,12,Baseline,1
T0fyj923g,2025-10-15T07:15:17.863Z,XAUUSD,CALL,15,0,PENDING,0,Baseline,1
T0fyj923g,2025-10-15T07:15:17.863Z,XAUUSD,CALL,15,0,LOSE,-15,Baseline,1
Tlzjivzmm,2025-10-15T07:16:17.866Z,EURUSD,PUT,15,0,PENDING,0,Baseline,1
Tlzjivzmm,2025-10-15T07:16:17.866Z,EURUSD,PUT,15,0,LOSE,-15,Baseline,1
T8lvuozoh,2025-10-15T07:17:17.866Z,XAUUSD,PUT,14,0,PENDING,0,Baseline,1
T8lvuozoh,2025-10-15T07:17:17.866Z,XAUUSD,PUT,14,0,WIN,11,Baseline,1
T8mlcbog5,2025-10-15T07:18:17.869Z,XAUUSD,PUT,15,0,PENDING,0,Baseline,1
T8mlcbog5,2025-10-15T07:18:17.869Z,XAUUSD,PUT,15,0,WIN,12,Baseline,1
Tggqvbqif,2025-10-15T07:19:17.871Z,XAUUSD,CALL,15,0,PENDING,0,Baseline,1
Tggqvbqif,2025-10-15T07:19:17.871Z,XAUUSD,CALL,15,0,LOSE,-15,Baseline,1
Tu3gxv2xc,2025-10-15T07:20:17.873Z,XAUUSD,PUT,14,0,PENDING,0,Baseline,1
Tu3gxv2xc,2025-10-15T07:20:17.873Z,XAUUSD,PUT,14,0,WIN,11,Baseline,1
Tkpwurc5f,2025-10-15T07:21:17.875Z,XAUUSD,PUT,15,0,PENDING,0,Baseline,1
Tkpwurc5f,2025-10-15T07:21:17.875Z,XAUUSD,PUT,15,0,LOSE,-15,Baseline,1
T4nqp2k4h,2025-10-15T07:22:17.877Z,XAUUSD,PUT,14,0,PENDING,0,Baseline,1
T4nqp2k4h,2025-10-15T07:22:17.877Z,XAUUSD,PUT,14,0,EQUAL,0,Baseline,1
Tsw6j5txx,2025-10-15T07:23:21.831Z,EURUSD,PUT,14,0,PENDING,0,Baseline,1
Tsw6j5txx,2025-10-15T07:23:21.831Z,EURUSD,PUT,14,0,WIN,11,Baseline,1
Tihdeoi65,2025-10-15T07:24:21.875Z,EURUSD,PUT,15,0,PENDING,0,Baseline,1
Tihdeoi65,2025-10-15T07:24:21.875Z,EURUSD,PUT,15,0,WIN,12,Baseline,1
T9gaktseu,2025-10-15T07:25:21.889Z,EURUSD,CALL,15,0,PENDING,0,Baseline,1
T9gaktseu,2025-10-15T07:25:21.889Z,EURUSD,CALL,15,0,LOSE,-15,Baseline,1
Tf8ke6tqs,2025-10-15T07:26:21.908Z,EURUSD,CALL,15,0,PENDING,0,Baseline,1
Tf8ke6tqs,2025-10-15T07:26:21.908Z,EURUSD,CALL,15,0,WIN,12,Baseline,1
Td02l30lm,2025-10-15T07:27:21.921Z,XAUUSD,PUT,15,0,PENDING,0,Baseline,1
Td02l30lm,2025-10-15T07:27:21.921Z,XAUUSD,PUT,15,0,LOSE,-15,Baseline,1
Th5nli394,2025-10-15T07:28:21.969Z,EURUSD,CALL,15,0,PENDING,0,Baseline,1
Th5nli394,2025-10-15T07:28:21.969Z,EURUSD,CALL,15,0,LOSE,-15,Baseline,1
Tejarklb1,2025-10-15T07:29:21.980Z,XAUUSD,CALL,14,0,PENDING,0,Baseline,1
Tejarklb1,2025-10-15T07:29:21.980Z,XAUUSD,CALL,14,0,WIN,11,Baseline,1
T3xbhrx7y,2025-10-15T07:30:21.991Z,EURUSD,PUT,14,0,PENDING,0,Baseline,1
T3xbhrx7y,2025-10-15T07:30:21.991Z,EURUSD,PUT,14,0,WIN,11,Baseline,1
Tbr4pxtq1,2025-10-15T07:31:22.003Z,EURUSD,PUT,15,0,PENDING,0,Baseline,1
Tbr4pxtq1,2025-10-15T07:31:22.003Z,EURUSD,PUT,15,0,LOSE,-15,Baseline,1
Ttu4f74ky,2025-10-15T07:32:22.029Z,EURUSD,PUT,14,0,PENDING,0,Baseline,1
Ttu4f74ky,2025-10-15T07:32:22.029Z,EURUSD,PUT,14,0,LOSE,-14,Baseline,1
Tvzbasbwb,2025-10-15T07:33:22.064Z,EURUSD,PUT,14,0,PENDING,0,Baseline,1
Tvzbasbwb,2025-10-15T07:33:22.064Z,EURUSD,PUT,14,0,LOSE,-14,Baseline,1
Tocdkqup6,2025-10-15T07:34:22.076Z,EURUSD,CALL,14,0,PENDING,0,Baseline,1
Tocdkqup6,2025-10-15T07:34:22.076Z,EURUSD,CALL,14,0,WIN,11,Baseline,1
Tvg90r8qs,2025-10-15T07:35:22.092Z,EURUSD,PUT,14,0,PENDING,0,Baseline,1
Tvg90r8qs,2025-10-15T07:35:22.092Z,EURUSD,PUT,14,0,WIN,11,Baseline,1
Tq7cg9t34,2025-10-15T07:36:22.104Z,XAUUSD,PUT,14,0,PENDING,0,Baseline,1
Tq7cg9t34,2025-10-15T07:36:22.104Z,XAUUSD,PUT,14,0,LOSE,-14,Baseline,1
T1crh5vk5,2025-10-15T07:37:22.115Z,XAUUSD,PUT,14,0,PENDING,0,Baseline,1
T1crh5vk5,2025-10-15T07:37:22.115Z,XAUUSD,PUT,14,0,WIN,11,Baseline,1
Te38mtcsj,2025-10-15T07:38:22.131Z,EURUSD,CALL,14,0,PENDING,0,Baseline,1
Te38mtcsj,2025-10-15T07:38:22.131Z,EURUSD,CALL,14,0,LOSE,-14,Baseline,1
Tb6wacooy,2025-10-15T07:39:22.141Z,EURUSD,CALL,14,0,PENDING,0,Baseline,1
Tb6wacooy,2025-10-15T07:39:22.141Z,EURUSD,CALL,14,0,WIN,11,Baseline,1
Tbs3ketlb,2025-10-15T07:40:22.170Z,EURUSD,PUT,14,0,PENDING,0,Baseline,1
Tbs3ketlb,2025-10-15T07:40:22.170Z,EURUSD,PUT,14,0,WIN,11,Baseline,1
T1gkang36,2025-10-15T07:41:22.180Z,XAUUSD,PUT,14,0,PENDING,0,Baseline,1
T1gkang36,2025-10-15T07:41:22.180Z,XAUUSD,PUT,14,0,LOSE,-14,Baseline,1
Thedo0ujn,2025-10-15T07:42:22.199Z,XAUUSD,CALL,14,0,PENDING,0,Baseline,1
Thedo0ujn,2025-10-15T07:42:22.199Z,XAUUSD,CALL,14,0,WIN,11,Baseline,1
Tbavak3v5,2025-10-15T07:43:22.214Z,EURUSD,PUT,14,0,PENDING,0,Baseline,1
Tbavak3v5,2025-10-15T07:43:22.214Z,EURUSD,PUT,14,0,LOSE,-14,Baseline,1
Ttegps7bi,2025-10-15T07:44:22.221Z,XAUUSD,PUT,14,0,PENDING,0,Baseline,1
Ttegps7bi,2025-10-15T07:44:22.221Z,XAUUSD,PUT,14,0,WIN,11,Baseline,1
Tl9nzew0g,2025-10-15T07:45:22.231Z,EURUSD,CALL,14,0,PENDING,0,Baseline,1
Tifceeo13,2025-10-15T12:10:07.013Z,EURUSD,CALL,15,0,PENDING,0,Baseline,1
Tifceeo13,2025-10-15T12:10:07.013Z,EURUSD,CALL,15,0,WIN,12,Baseline,1
Tn8oixtzc,2025-10-15T12:11:07.044Z,XAUUSD,PUT,15,0,PENDING,0,Baseline,1
Tn8oixtzc,2025-10-15T12:11:07.044Z,XAUUSD,PUT,15,0,WIN,12,Baseline,1
T19xtsdl4,2025-10-15T12:12:07.049Z,XAUUSD,PUT,15,0,PENDING,0,Baseline,1
T19xtsdl4,2025-10-15T12:12:07.049Z,XAUUSD,PUT,15,0,LOSE,-15,Baseline,1
Tz0dqegd6,2025-10-15T12:13:07.079Z,EURUSD,PUT,15,0,PENDING,0,Baseline,1
Tz0dqegd6,2025-10-15T12:13:07.079Z,EURUSD,PUT,15,0,LOSE,-15,Baseline,1
T4rkmk00r,2025-10-15T12:14:07.081Z,XAUUSD,PUT,15,0,PENDING,0,Baseline,1
T4rkmk00r,2025-10-15T12:14:07.081Z,XAUUSD,PUT,15,0,LOSE,-15,Baseline,1
Tckhp4br2,2025-10-15T12:15:07.082Z,EURUSD,PUT,15,0,PENDING,0,Baseline,1
Tckhp4br2,2025-10-15T12:15:07.082Z,EURUSD,PUT,15,0,WIN,12,Baseline,1
Tu6f1zfpy,2025-10-15T12:16:07.083Z,EURUSD,PUT,15,0,PENDING,0,Baseline,1
Tu6f1zfpy,2025-10-15T12:16:07.083Z,EURUSD,PUT,15,0,EQUAL,0,Baseline,1
Tavy7oddz,2025-10-15T12:17:07.084Z,XAUUSD,CALL,15,0,PENDING,0,Baseline,1
Tavy7oddz,2025-10-15T12:17:07.084Z,XAUUSD,CALL,15,0,WIN,12,Baseline,1
Tgka7l9qi,2025-10-15T12:18:07.090Z,EURUSD,PUT,15,0,PENDING,0,Baseline,1
Tgka7l9qi,2025-10-15T12:18:07.090Z,EURUSD,PUT,15,0,LOSE,-15,Baseline,1
Tgy3vgmer,2025-10-15T12:19:07.091Z,EURUSD,CALL,15,0,PENDING,0,Baseline,1
Tgy3vgmer,2025-10-15T12:19:07.091Z,EURUSD,CALL,15,0,LOSE,-15,Baseline,1
Tywcrua7e,2025-10-15T12:20:07.093Z,XAUUSD,CALL,15,0,PENDING,0,Baseline,1
Tywcrua7e,2025-10-15T12:20:07.093Z,XAUUSD,CALL,15,0,LOSE,-15,Baseline,1
Ts9m0j1um,2025-10-15T12:21:07.094Z,XAUUSD,CALL,14,0,PENDING,0,Baseline,1
Ts9m0j1um,2025-10-15T12:21:07.094Z,XAUUSD,CALL,14,0,WIN,11,Baseline,1
Tccsf1i1y,2025-10-15T12:22:07.095Z,EURUSD,CALL,15,0,PENDING,0,Baseline,1
Tccsf1i1y,2025-10-15T12:22:07.095Z,EURUSD,CALL,15,0,LOSE,-15,Baseline,1
Tsohqag1o,2025-10-15T12:23:07.097Z,XAUUSD,CALL,14,0,PENDING,0,Baseline,1
Tsohqag1o,2025-10-15T12:23:07.097Z,XAUUSD,CALL,14,0,EQUAL,0,Baseline,1
T3q2lhcnn,2025-10-15T12:24:07.099Z,EURUSD,CALL,14,0,PENDING,0,Baseline,1
T3q2lhcnn,2025-10-15T12:24:07.099Z,EURUSD,CALL,14,0,LOSE,-14,Baseline,1
Tf7cqfi2a,2025-10-15T12:25:07.101Z,EURUSD,PUT,14,0,PENDING,0,Baseline,1
Tf7cqfi2a,2025-10-15T12:25:07.101Z,EURUSD,PUT,14,0,EQUAL,0,Baseline,1
Truky1g1j,2025-10-15T12:26:07.104Z,XAUUSD,PUT,14,0,PENDING,0,Baseline,1
Truky1g1j,2025-10-15T12:26:07.104Z,XAUUSD,PUT,14,0,LOSE,-14,Baseline,1
Tgykingwg,2025-10-15T12:27:07.106Z,XAUUSD,PUT,14,0,PENDING,0,Baseline,1
Tgykingwg,2025-10-15T12:27:07.106Z,XAUUSD,PUT,14,0,WIN,11,Baseline,1
Tm3dinfcj,2025-10-15T12:28:07.108Z,EURUSD,PUT,14,0,PENDING,0,Baseline,1
Tm3dinfcj,2025-10-15T12:28:07.108Z,EURUSD,PUT,14,0,WIN,11,Baseline,1
Tkedocs4y,2025-10-15T12:29:07.109Z,XAUUSD,CALL,14,0,PENDING,0,Baseline,1
Tkedocs4y,2025-10-15T12:29:07.109Z,XAUUSD,CALL,14,0,LOSE,-14,Baseline,1
T2aeqhcv9,2025-10-15T12:30:07.111Z,EURUSD,PUT,14,0,PENDING,0,Baseline,1
T2aeqhcv9,2025-10-15T12:30:07.111Z,EURUSD,PUT,14,0,WIN,11,Baseline,1
Tl2sgk875,2025-10-15T12:31:07.112Z,XAUUSD,CALL,14,0,PENDING,0,Baseline,1
Tl2sgk875,2025-10-15T12:31:07.112Z,XAUUSD,CALL,14,0,WIN,11,Baseline,1
Tdt1gx3si,2025-10-15T12:32:07.114Z,XAUUSD,PUT,14,0,PENDING,0,Baseline,1
Tdt1gx3si,2025-10-15T12:32:07.114Z,XAUUSD,PUT,14,0,LOSE,-14,Baseline,1
Tmwm4mni6,2025-10-15T12:33:07.116Z,XAUUSD,PUT,14,0,PENDING,0,Baseline,1
Tmwm4mni6,2025-10-15T12:33:07.116Z,XAUUSD,PUT,14,0,LOSE,-14,Baseline,1
Thselujbv,2025-10-15T12:34:07.117Z,EURUSD,PUT,14,0,PENDING,0,Baseline,1
Thselujbv,2025-10-15T12:34:07.117Z,EURUSD,PUT,14,0,LOSE,-14,Baseline,1
T5hynyq1w,2025-10-15T12:35:07.118Z,EURUSD,PUT,14,0,PENDING,0,Baseline,1
T5hynyq1w,2025-10-15T12:35:07.118Z,EURUSD,PUT,14,0,LOSE,-14,Baseline,1
Tfajpsju9,2025-10-15T12:36:07.120Z,EURUSD,PUT,14,0,PENDING,0,Baseline,1
Tfajpsju9,2025-10-15T12:36:07.120Z,EURUSD,PUT,14,0,WIN,11,Baseline,1
Tj7lc9ubo,2025-10-15T12:37:07.122Z,XAUUSD,PUT,14,0,PENDING,0,Baseline,1
Tj7lc9ubo,2025-10-15T12:37:07.122Z,XAUUSD,PUT,14,0,LOSE,-14,Baseline,1
Tnyq4qcom,2025-10-15T12:38:07.122Z,XAUUSD,CALL,13,0,PENDING,0,Baseline,1
Tnyq4qcom,2025-10-15T12:38:07.122Z,XAUUSD,CALL,13,0,LOSE,-13,Baseline,1
Txge62383,2025-10-15T12:39:07.123Z,EURUSD,CALL,13,0,PENDING,0,Baseline,1
Txge62383,2025-10-15T12:39:07.123Z,EURUSD,CALL,13,0,LOSE,-13,Baseline,1
Twprgi7vm,2025-10-15T12:40:07.125Z,XAUUSD,PUT,13,0,PENDING,0,Baseline,1
Twprgi7vm,2025-10-15T12:40:07.125Z,XAUUSD,PUT,13,0,WIN,10,Baseline,1
Tq46c89qd,2025-10-15T12:41:07.128Z,EURUSD,PUT,13,0,PENDING,0,Baseline,1
Tq46c89qd,2025-10-15T12:41:07.128Z,EURUSD,PUT,13,0,WIN,10,Baseline,1
Tzchj5vsu,2025-10-15T12:42:07.135Z,XAUUSD,PUT,13,0,PENDING,0,Baseline,1
Tzchj5vsu,2025-10-15T12:42:07.135Z,XAUUSD,PUT,13,0,LOSE,-13,Baseline,1
Tswdhnnx6,2025-10-15T12:43:07.145Z,XAUUSD,CALL,13,0,PENDING,0,Baseline,1
Tswdhnnx6,2025-10-15T12:43:07.145Z,XAUUSD,CALL,13,0,LOSE,-13,Baseline,1
Twqynao7s,2025-10-15T12:44:07.149Z,EURUSD,CALL,13,0,PENDING,0,Baseline,1
Twqynao7s,2025-10-15T12:44:07.149Z,EURUSD,CALL,13,0,WIN,10,Baseline,1
T79qclk3q,2025-10-15T12:45:07.149Z,XAUUSD,PUT,13,0,PENDING,0,Baseline,1
T79qclk3q,2025-10-15T12:45:07.149Z,XAUUSD,PUT,13,0,LOSE,-13,Baseline,1
Tv6mvzrww,2025-10-15T12:46:07.150Z,EURUSD,CALL,13,0,PENDING,0,Baseline,1
Tv6mvzrww,2025-10-15T12:46:07.150Z,EURUSD,CALL,13,0,LOSE,-13,Baseline,1
Tudolidje,2025-10-15T12:47:07.151Z,XAUUSD,PUT,13,0,PENDING,0,Baseline,1
Tudolidje,2025-10-15T12:47:07.151Z,XAUUSD,PUT,13,0,WIN,10,Baseline,1
Tuyefx70o,2025-10-15T12:48:07.153Z,EURUSD,PUT,13,0,PENDING,0,Baseline,1
Tuyefx70o,2025-10-15T12:48:07.153Z,EURUSD,PUT,13,0,LOSE,-13,Baseline,1
Tme2zlfvl,2025-10-15T12:49:07.156Z,XAUUSD,CALL,13,0,PENDING,0,Baseline,1
Tme2zlfvl,2025-10-15T12:49:07.156Z,XAUUSD,CALL,13,0,WIN,10,Baseline,1
T7u2ief2x,2025-10-15T12:50:07.158Z,XAUUSD,CALL,13,0,PENDING,0,Baseline,1
T7u2ief2x,2025-10-15T12:50:07.158Z,XAUUSD,CALL,13,0,LOSE,-13,Baseline,1
Tliyj0nz6,2025-10-15T12:51:07.158Z,EURUSD,CALL,13,0,PENDING,0,Baseline,1
Tjcylpo1j,2025-10-16T05:04:55.186Z,EURUSD,CALL,15,0,PENDING,0,Baseline,1
T1ussph10,2025-10-16T05:05:55.199Z,XAUUSD,PUT,15,0,PENDING,0,Baseline,1
Trd13wh8g,2025-10-16T05:06:55.205Z,XAUUSD,PUT,15,0,PENDING,0,Baseline,1
T41fpyc7g,2025-10-16T05:07:55.212Z,EURUSD,PUT,15,0,PENDING,0,Baseline,1
Tjltds0ih,2025-10-16T05:08:55.217Z,XAUUSD,PUT,15,0,PENDING,0,Baseline,1
T31ebm0td,2025-10-16T05:09:57.614Z,EURUSD,PUT,15,0,PENDING,0,Baseline,1
T4g5n7fzd,2025-10-16T05:10:57.620Z,XAUUSD,PUT,15,0,PENDING,0,Baseline,1
Tx0o8oyll,2025-10-16T05:11:57.633Z,EURUSD,CALL,15,0,PENDING,0,Baseline,1
Tyshi72fs,2025-10-16T05:12:57.643Z,XAUUSD,PUT,15,0,PENDING,0,Baseline,1
Tu3vn3g3a,2025-10-16T05:13:57.655Z,EURUSD,PUT,15,0,PENDING,0,Baseline,1
Td7sqduuv,2025-10-16T05:14:57.668Z,EURUSD,CALL,15,0,PENDING,0,Baseline,1
Tv59oghtx,2025-10-16T05:15:57.689Z,EURUSD,CALL,15,0,PENDING,0,Baseline,1
Tg7xu5h3p,2025-10-16T05:16:57.694Z,XAUUSD,PUT,15,0,PENDING,0,Baseline,1
T5cwmhdx5,2025-10-16T05:17:57.699Z,EURUSD,CALL,15,0,PENDING,0,Baseline,1
T1qoq3mje,2025-10-16T05:18:57.701Z,EURUSD,PUT,15,0,PENDING,0,Baseline,1
T544pcyoc,2025-10-16T05:19:57.715Z,EURUSD,PUT,16,0,PENDING,0,Baseline,1
Txq4j2tlo,2025-10-16T05:20:57.717Z,EURUSD,CALL,15,0,PENDING,0,Baseline,1
Tcf848k2v,2025-10-16T05:21:57.730Z,EURUSD,CALL,15,0,PENDING,0,Baseline,1
Tnh5cshvx,2025-10-16T05:22:57.736Z,XAUUSD,PUT,15,0,PENDING,0,Baseline,1
Tbfjehuc2,2025-10-16T05:23:57.744Z,XAUUSD,CALL,15,0,PENDING,0,Baseline,1
Tk9phbcyg,2025-10-16T05:24:57.756Z,EURUSD,PUT,15,0,PENDING,0,Baseline,1
Tucqudg1b,2025-10-16T05:36:28.490Z,EURUSD,CALL,15,0,PENDING,0,Baseline,1
Tjmqyhewn,2025-10-16T05:37:28.492Z,XAUUSD,PUT,15,0,PENDING,0,Baseline,1
T5rqhqtog,2025-10-16T05:38:28.496Z,XAUUSD,PUT,15,0,PENDING,0,Baseline,1
Tsp9iu6nf,2025-10-16T05:39:28.501Z,EURUSD,PUT,15,0,PENDING,0,Baseline,1
Tz9o7xweo,2025-10-16T05:40:28.517Z,XAUUSD,PUT,15,0,PENDING,0,Baseline,1
Txp8uell2,2025-10-16T05:41:28.533Z,EURUSD,PUT,15,0,PENDING,0,Baseline,1
T8pp36641,2025-10-16T05:42:28.542Z,EURUSD,PUT,15,0,PENDING,0,Baseline,1
Tw9jqg1no,2025-10-16T05:50:14.033Z,EURUSD,CALL,15,0,PENDING,0,Baseline,1
Tx2ayy0er,2025-10-16T05:51:14.038Z,XAUUSD,PUT,15,0,PENDING,0,Baseline,1
Tn6w4bh9u,2025-10-16T05:52:14.048Z,XAUUSD,PUT,15,0,PENDING,0,Baseline,1
T86htd38o,2025-10-16T05:53:14.063Z,EURUSD,PUT,15,0,PENDING,0,Baseline,1
Tu4vugoh6,2025-10-16T05:54:57.979Z,XAUUSD,PUT,15,0,PENDING,0,Baseline,1
T024w3u0l,2025-10-16T05:55:57.985Z,EURUSD,PUT,15,0,PENDING,0,Baseline,1
T7e89qdju,2025-10-16T05:57:05.079Z,EURUSD,PUT,15,0,PENDING,0,Baseline,1
Tdx2mhzly,2025-10-16T05:58:05.080Z,XAUUSD,CALL,15,0,PENDING,0,Baseline,1
Tdlbxig30,2025-10-16T05:59:05.083Z,EURUSD,PUT,15,0,PENDING,0,Baseline,1
Tz1ba3dt5,2025-10-16T06:00:05.084Z,EURUSD,CALL,15,0,PENDING,0,Baseline,1
T7vx0xpio,2025-10-16T06:01:05.085Z,XAUUSD,CALL,15,0,PENDING,0,Baseline,1
T0laxakrv,2025-10-16T06:02:05.087Z,XAUUSD,CALL,14,0,PENDING,0,Baseline,1
Tt38ayftc,2025-10-16T06:03:05.100Z,EURUSD,CALL,15,0,PENDING,0,Baseline,1
T2vitaneu,2025-10-16T06:04:05.116Z,XAUUSD,CALL,14,0,PENDING,0,Baseline,1
Tedgcq3ia,2025-10-16T06:05:05.119Z,EURUSD,CALL,14,0,PENDING,0,Baseline,1
T8i9jxrjx,2025-10-16T06:06:05.132Z,EURUSD,PUT,14,0,PENDING,0,Baseline,1
Tb4bze7eg,2025-10-16T06:07:05.144Z,XAUUSD,PUT,14,0,PENDING,0,Baseline,1
Tpbhxx2tr,2025-10-16T06:08:05.152Z,XAUUSD,PUT,14,0,PENDING,0,Baseline,1
Tvu5cksw0,2025-10-16T06:09:05.165Z,EURUSD,PUT,14,0,PENDING,0,Baseline,1
T4x8odbh3,2025-10-16T06:10:24.401Z,EURUSD,CALL,15,0,PENDING,0,Baseline,1
Tv4bemcq5,2025-10-16T06:11:24.416Z,XAUUSD,PUT,15,0,PENDING,0,Baseline,1
Tf4yqphl7,2025-10-16T06:12:24.447Z,XAUUSD,PUT,15,0,PENDING,0,Baseline,1
Tozyfp460,2025-10-16T06:13:24.462Z,EURUSD,PUT,15,0,PENDING,0,Baseline,1
T11x5ehwm,2025-10-16T06:14:24.478Z,XAUUSD,PUT,15,0,PENDING,0,Baseline,1
T54baqbzf,2025-10-16T06:15:24.489Z,EURUSD,PUT,15,0,PENDING,0,Baseline,1
Ttzzyggob,2025-10-16T06:16:24.493Z,EURUSD,PUT,15,0,PENDING,0,Baseline,1
Tcfs0num2,2025-10-16T06:17:24.495Z,XAUUSD,CALL,15,0,PENDING,0,Baseline,1
T9x94rm15,2025-10-16T06:18:24.516Z,EURUSD,PUT,15,0,PENDING,0,Baseline,1
T8c4dbppa,2025-10-16T06:19:24.518Z,EURUSD,CALL,15,0,PENDING,0,Baseline,1
T5q3wxwir,2025-10-16T06:20:24.531Z,XAUUSD,CALL,15,0,PENDING,0,Baseline,1
Tykmn37nq,2025-10-16T06:21:24.553Z,XAUUSD,CALL,14,0,PENDING,0,Baseline,1
Temkoumvg,2025-10-16T06:22:33.274Z,EURUSD,CALL,15,0,PENDING,0,Baseline,1
Tvva8imqj,2025-10-16T06:22:50.790Z,EURUSD,CALL,15,0,PENDING,0,Baseline,1
Tlq43unm0,2025-10-16T06:23:50.810Z,EURUSD,PUT,15,0,PENDING,0,Baseline,1
Txt3ed94d,2025-10-16T06:24:50.821Z,EURUSD,PUT,15,0,PENDING,0,Baseline,1
Tjtnuk76y,2025-10-16T06:25:50.830Z,EURUSD,CALL,15,0,PENDING,0,Baseline,1
Tgsw0lcub,2025-10-16T06:26:50.836Z,EURUSD,CALL,15,0,PENDING,0,Baseline,1
Ta8ld4g6x,2025-10-16T06:27:50.860Z,XAUUSD,PUT,15,0,PENDING,0,Baseline,1
Talvxi86f,2025-10-16T06:28:50.874Z,XAUUSD,CALL,15,0,PENDING,0,Baseline,1
Tkenfkoug,2025-10-16T06:29:50.893Z,EURUSD,PUT,15,0,PENDING,0,Baseline,1
T0p7i0s0f,2025-10-16T06:30:50.913Z,XAUUSD,CALL,15,0,PENDING,0,Baseline,1
T949nlsrd,2025-10-16T06:31:50.922Z,XAUUSD,CALL,15,0,PENDING,0,Baseline,1
Thfx136yz,2025-10-16T06:32:50.937Z,EURUSD,CALL,15,0,PENDING,0,Baseline,1
Tviwevzs5,2025-10-16T06:33:50.964Z,EURUSD,PUT,14,0,PENDING,0,Baseline,1
T94m1bb62,2025-10-16T06:34:50.982Z,EURUSD,PUT,14,0,PENDING,0,Baseline,1
Tdlqhlzzt,2025-10-16T06:35:50.994Z,EURUSD,PUT,14,0,PENDING,0,Baseline,1
T44pa7ka7,2025-10-16T06:36:51.023Z,XAUUSD,CALL,14,0,PENDING,0,Baseline,1
Tqzksc0q3,2025-10-16T06:37:51.058Z,EURUSD,CALL,14,0,PENDING,0,Baseline,1
Twxs256tl,2025-10-16T06:38:51.084Z,EURUSD,PUT,14,0,PENDING,0,Baseline,1
T18e7d5pw,2025-10-16T06:39:51.103Z,EURUSD,CALL,14,0,PENDING,0,Baseline,1
T8wmefoty,2025-10-16T06:40:51.110Z,XAUUSD,PUT,14,0,PENDING,0,Baseline,1
Tb6rkmm6a,2025-10-16T06:41:51.119Z,XAUUSD,CALL,14,0,PENDING,0,Baseline,1
Tcl0at2qz,2025-10-16T06:42:51.132Z,EURUSD,CALL,13,0,PENDING,0,Baseline,1
Tbjp7p0ks,2025-10-16T06:43:51.147Z,EURUSD,PUT,14,0,PENDING,0,Baseline,1
Tins4vhdg,2025-10-16T06:44:51.168Z,XAUUSD,CALL,13,0,PENDING,0,Baseline,1
Tfzpto83w,2025-10-16T06:45:51.175Z,EURUSD,PUT,13,0,PENDING,0,Baseline,1
Thmanvia1,2025-10-16T06:46:51.188Z,EURUSD,CALL,13,0,PENDING,0,Baseline,1
Tcf88zrtp,2025-10-16T06:47:51.194Z,XAUUSD,PUT,13,0,PENDING,0,Baseline,1
T5ecxwixq,2025-10-16T06:48:51.207Z,XAUUSD,CALL,13,0,PENDING,0,Baseline,1
T6qt6sccx,2025-10-16T06:49:51.221Z,XAUUSD,CALL,13,0,PENDING,0,Baseline,1
T8qhnqr4n,2025-10-16T06:51:13.047Z,EURUSD,PUT,13,0,PENDING,0,Baseline,1
Tfrbxreld,2025-10-16T06:52:13.056Z,EURUSD,PUT,14,0,PENDING,0,Baseline,1
T9vxb2lvl,2025-10-16T06:53:13.068Z,XAUUSD,CALL,14,0,PENDING,0,Baseline,1
Tmgactvgv,2025-10-16T06:54:13.082Z,EURUSD,CALL,14,0,PENDING,0,Baseline,1
T7k1mrlqy,2025-10-16T06:55:13.091Z,XAUUSD,CALL,14,0,PENDING,0,Baseline,1
Ta4oe2llg,2025-10-16T06:56:13.111Z,EURUSD,CALL,14,0,PENDING,0,Baseline,1
Tqaodc90o,2025-10-16T06:57:13.128Z,XAUUSD,CALL,14,0,PENDING,0,Baseline,1
Tgpla2dkg,2025-10-16T06:58:13.140Z,EURUSD,PUT,14,0,PENDING,0,Baseline,1
Tp4mwtxvc,2025-10-16T06:59:13.158Z,EURUSD,CALL,14,0,PENDING,0,Baseline,1
Tjc865lmt,2025-10-16T07:00:13.182Z,XAUUSD,PUT,14,0,PENDING,0,Baseline,1
Thos2nkdz,2025-10-16T07:01:43.209Z,EURUSD,CALL,14,0,PENDING,0,Baseline,1
Tu52ybl4t,2025-10-16T07:02:43.223Z,XAUUSD,CALL,14,0,PENDING,0,Baseline,1
Twqkztk5u,2025-10-16T07:03:43.242Z,XAUUSD,PUT,14,0,PENDING,0,Baseline,1
T7derkdp6,2025-10-16T07:04:43.257Z,XAUUSD,CALL,14,0,PENDING,0,Baseline,1
Tj9avhgth,2025-10-16T07:05:43.270Z,EURUSD,CALL,15,0,PENDING,0,Baseline,1
Tepmyyamu,2025-10-16T07:06:43.289Z,EURUSD,PUT,15,0,PENDING,0,Baseline,1
Tkp9oo5np,2025-10-16T07:07:43.304Z,XAUUSD,CALL,15,0,PENDING,0,Baseline,1
T8a065igw,2025-10-16T07:08:43.316Z,XAUUSD,PUT,15,0,PENDING,0,Baseline,1
Tdr0lqig5,2025-10-16T07:09:43.331Z,XAUUSD,CALL,15,0,PENDING,0,Baseline,1
Tnxxiwbpx,2025-10-16T07:10:43.354Z,XAUUSD,PUT,15,0,PENDING,0,Baseline,1
Tqbedj0xz,2025-10-16T07:11:43.379Z,XAUUSD,PUT,15,0,PENDING,0,Baseline,1
T1417qhy6,2025-10-16T07:12:43.406Z,EURUSD,CALL,15,0,PENDING,0,Baseline,1
Ta3uy9dd3,2025-10-16T07:13:43.432Z,EURUSD,CALL,15,0,PENDING,0,Baseline,1
Th60wg9fy,2025-10-16T07:18:48.460Z,EURUSD,CALL,15,0,PENDING,0,Baseline,1
Tctdvqndq,2025-10-16T07:19:48.477Z,XAUUSD,PUT,15,0,PENDING,0,Baseline,1
T5laznq6u,2025-10-16T07:20:48.495Z,XAUUSD,PUT,15,0,PENDING,0,Baseline,1
T8dp11vuy,2025-10-16T07:21:48.516Z,EURUSD,PUT,15,0,PENDING,0,Baseline,1
To608gfrg,2025-10-16T07:22:48.535Z,XAUUSD,PUT,15,0,PENDING,0,Baseline,1
Tbspbjxqm,2025-10-16T07:23:48.542Z,EURUSD,PUT,15,0,PENDING,0,Baseline,1
Tklifz0jx,2025-10-16T07:24:48.561Z,EURUSD,PUT,15,0,PENDING,0,Baseline,1
Tmb4k86v9,2025-10-16T07:25:48.577Z,XAUUSD,CALL,15,0,PENDING,0,Baseline,1
T1aq93yo8,2025-10-16T07:26:48.587Z,EURUSD,PUT,15,0,PENDING,0,Baseline,1
Tou3p5yyd,2025-10-16T07:27:48.602Z,EURUSD,CALL,15,0,PENDING,0,Baseline,1
Tabeja2hf,2025-10-16T07:28:48.617Z,XAUUSD,CALL,15,0,PENDING,0,Baseline,1
Tg6o97w6y,2025-10-16T07:29:48.625Z,XAUUSD,CALL,14,0,PENDING,0,Baseline,1
Tfjjzdtd0,2025-10-16T07:30:48.640Z,EURUSD,CALL,15,0,PENDING,0,Baseline,1
Tc13lj3x1,2025-10-16T07:31:48.654Z,XAUUSD,CALL,14,0,PENDING,0,Baseline,1
Trso13pkb,2025-10-16T07:32:48.666Z,EURUSD,CALL,14,0,PENDING,0,Baseline,1
Tayyfoxss,2025-10-16T07:33:48.691Z,EURUSD,PUT,14,0,PENDING,0,Baseline,1
Tfhlpudnc,2025-10-16T07:34:23.410Z,EURUSD,CALL,15,0,PENDING,0,Baseline,1
Tx1inwt4o,2025-10-16T07:35:25.138Z,EURUSD,CALL,15,0,PENDING,0,Baseline,1
Tu5ny0fop,2025-10-16T07:36:25.152Z,XAUUSD,PUT,15,0,PENDING,0,Baseline,1
T70hdvdz7,2025-10-16T07:37:25.166Z,XAUUSD,CALL,15,0,PENDING,0,Baseline,1
Tm3u5zt6q,2025-10-16T07:38:25.184Z,EURUSD,PUT,15,0,PENDING,0,Baseline,1
T77ct8vqy,2025-10-16T07:40:56.009Z,EURUSD,CALL,15,0,PENDING,0,Baseline,1
Tj4cdbbp4,2025-10-16T07:41:56.031Z,XAUUSD,PUT,15,0,PENDING,0,Baseline,1
Tcrrsnbq4,2025-10-16T07:42:56.038Z,XAUUSD,PUT,15,0,PENDING,0,Baseline,1
Tb0rrabl9,2025-10-16T07:43:56.048Z,EURUSD,PUT,15,0,PENDING,0,Baseline,1
Tuyz5y79t,2025-10-16T07:44:56.074Z,XAUUSD,PUT,15,0,PENDING,0,Baseline,1
Tsx62kwhf,2025-10-16T07:45:56.098Z,EURUSD,PUT,15,0,PENDING,0,Baseline,1
T957ww57f,2025-10-16T07:46:56.118Z,EURUSD,PUT,15,0,PENDING,0,Baseline,1
Twoy2us82,2025-10-16T07:47:56.135Z,XAUUSD,CALL,15,0,PENDING,0,Baseline,1
T76pdodh6,2025-10-16T07:48:56.149Z,EURUSD,PUT,15,0,PENDING,0,Baseline,1
Ts12elqcf,2025-10-16T07:49:56.165Z,EURUSD,CALL,15,0,PENDING,0,Baseline,1
Ts1dra669,2025-10-16T07:50:56.176Z,XAUUSD,CALL,15,0,PENDING,0,Baseline,1
T4mi7t8no,2025-10-16T07:51:56.199Z,XAUUSD,CALL,14,0,PENDING,0,Baseline,1
Tl4zhn606,2025-10-16T07:52:56.205Z,EURUSD,CALL,15,0,PENDING,0,Baseline,1
Tcd8267f7,2025-10-16T07:53:56.214Z,XAUUSD,CALL,14,0,PENDING,0,Baseline,1
Tju4iime0,2025-10-16T07:54:56.229Z,EURUSD,CALL,14,0,PENDING,0,Baseline,1
Tj6mbyp73,2025-10-16T07:55:56.240Z,EURUSD,PUT,14,0,PENDING,0,Baseline,1
Tpkbverni,2025-10-16T07:56:56.260Z,XAUUSD,PUT,14,0,PENDING,0,Baseline,1
Tdijinyt6,2025-10-16T07:57:56.265Z,XAUUSD,PUT,14,0,PENDING,0,Baseline,1
Tjkylj9za,2025-10-16T07:58:56.279Z,EURUSD,PUT,14,0,PENDING,0,Baseline,1
Tewbggbzv,2025-10-16T07:59:56.287Z,XAUUSD,CALL,14,0,PENDING,0,Baseline,1
Tit3u85lk,2025-10-16T08:00:56.317Z,EURUSD,PUT,14,0,PENDING,0,Baseline,1
T50zkbf8e,2025-10-16T08:01:56.331Z,XAUUSD,CALL,14,0,PENDING,0,Baseline,1
Tqevgjj41,2025-10-16T08:02:56.350Z,XAUUSD,PUT,14,0,PENDING,0,Baseline,1
T35xtnrfx,2025-10-16T08:03:56.365Z,XAUUSD,PUT,14,0,PENDING,0,Baseline,1
Tnj1wkhki,2025-10-16T08:04:56.386Z,EURUSD,PUT,14,0,PENDING,0,Baseline,1
Tszpy4wmq,2025-10-16T08:05:56.408Z,EURUSD,PUT,14,0,PENDING,0,Baseline,1
Tzdez3plv,2025-10-16T08:06:56.429Z,EURUSD,PUT,14,0,PENDING,0,Baseline,1
To1eqin6r,2025-10-16T08:07:56.445Z,XAUUSD,PUT,14,0,PENDING,0,Baseline,1
Tzpc5ckgf,2025-10-16T08:08:56.454Z,XAUUSD,CALL,13,0,PENDING,0,Baseline,1
T1dlk69se,2025-10-16T08:09:56.470Z,EURUSD,CALL,13,0,PENDING,0,Baseline,1
Tt5cs49jm,2025-10-16T08:10:56.483Z,XAUUSD,PUT,13,0,PENDING,0,Baseline,1
T4j8e6kwh,2025-10-16T08:11:56.500Z,EURUSD,PUT,13,0,PENDING,0,Baseline,1
T96fsqxd8,2025-10-16T08:12:56.514Z,XAUUSD,PUT,13,0,PENDING,0,Baseline,1
Tx75i3krs,2025-10-16T08:13:56.538Z,XAUUSD,CALL,13,0,PENDING,0,Baseline,1
Tmqpny212,2025-10-16T08:14:56.553Z,EURUSD,CALL,13,0,PENDING,0,Baseline,1
Teakal0g5,2025-10-16T08:15:56.555Z,XAUUSD,PUT,13,0,PENDING,0,Baseline,1
T0edxzhg0,2025-10-16T08:16:56.570Z,EURUSD,CALL,13,0,PENDING,0,Baseline,1
Teu4wrv4l,2025-10-16T08:17:56.580Z,XAUUSD,PUT,13,0,PENDING,0,Baseline,1
T7c2pa3oc,2025-10-16T08:18:56.586Z,EURUSD,PUT,13,0,PENDING,0,Baseline,1
Tvrv8yz3q,2025-10-16T08:19:56.588Z,XAUUSD,CALL,13,0,PENDING,0,Baseline,1
Txl9toaby,2025-10-16T08:20:56.604Z,XAUUSD,CALL,13,0,PENDING,0,Baseline,1
Td4nbjp2b,2025-10-16T08:21:56.620Z,EURUSD,CALL,13,0,PENDING,0,Baseline,1
Ty29xc02f,2025-10-16T08:22:56.623Z,EURUSD,CALL,12,0,PENDING,0,Baseline,1
Tq5ywbixn,2025-10-16T08:23:56.632Z,XAUUSD,CALL,13,0,PENDING,0,Baseline,1
Tylazg28x,2025-10-16T08:25:26.657Z,XAUUSD,PUT,12,0,PENDING,0,Baseline,1
T2wl0y0gk,2025-10-16T08:26:26.680Z,XAUUSD,CALL,13,0,PENDING,0,Baseline,1
Tfz0uuaug,2025-10-16T08:27:51.494Z,XAUUSD,CALL,12,0,PENDING,0,Baseline,1
Tl8fbkmnm,2025-10-16T08:28:51.503Z,XAUUSD,CALL,13,0,PENDING,0,Baseline,1
Tl8ppw4su,2025-10-16T08:29:51.513Z,EURUSD,CALL,13,0,PENDING,0,Baseline,1
Tjlob9pmt,2025-10-16T08:33:11.978Z,EURUSD,CALL,15,0,PENDING,0,Baseline,1
Tj0nsqn65,2025-10-16T08:34:12.001Z,XAUUSD,PUT,15,0,PENDING,0,Baseline,1
Totwizp86,2025-10-16T08:35:12.009Z,XAUUSD,PUT,15,0,PENDING,0,Baseline,1
T69pq5kk2,2025-10-16T08:36:12.024Z,EURUSD,PUT,15,0,PENDING,0,Baseline,1
T955qwxfh,2025-10-16T08:37:12.043Z,XAUUSD,PUT,15,0,PENDING,0,Baseline,1
T6q3ij6g4,2025-10-16T08:38:12.050Z,EURUSD,PUT,15,0,PENDING,0,Baseline,1
Tz36ijn99,2025-10-16T08:39:12.057Z,EURUSD,PUT,15,0,PENDING,0,Baseline,1
Tpp9b8m2a,2025-10-16T08:44:09.358Z,EURUSD,CALL,15,0,PENDING,0,Baseline,1
Ta97hkf57,2025-10-16T08:44:43.162Z,XAUUSD,CALL,15,0,PENDING,0,Baseline,1
Tdgjizuf3,2025-10-16T08:47:10.377Z,XAUUSD,CALL,15,0,PENDING,0,Baseline,1
T6g6vugqh,2025-10-16T08:47:40.388Z,EURUSD,PUT,15,0,PENDING,0,Baseline,1
T0fwxy9v8,2025-10-16T08:48:10.394Z,EURUSD,PUT,15,0,PENDING,0,Baseline,1
Tct4qxwhb,2025-10-16T08:49:10.406Z,EURUSD,CALL,15,0,PENDING,0,Baseline,1
Tz48chmso,2025-10-16T08:50:10.429Z,EURUSD,PUT,15,0,PENDING,0,Baseline,1
T3p8ip7mc,2025-10-16T08:51:10.440Z,XAUUSD,PUT,15,0,PENDING,0,Baseline,1
Tjc8y7jjq,2025-10-16T08:52:10.448Z,EURUSD,CALL,14,0,PENDING,0,Baseline,1
T8jtiop1x,2025-10-16T08:53:10.470Z,XAUUSD,PUT,14,0,PENDING,0,Baseline,1
Tv1n3kk09,2025-10-16T08:54:10.484Z,EURUSD,PUT,14,0,PENDING,0,Baseline,1
T5f5zfnwm,2025-10-16T08:55:35.248Z,EURUSD,CALL,14,0,PENDING,0,Baseline,1
T2y6el8bz,2025-10-16T08:56:35.269Z,EURUSD,CALL,15,0,PENDING,0,Baseline,1
Tqkjgwwuo,2025-10-16T08:57:35.286Z,XAUUSD,PUT,15,0,PENDING,0,Baseline,1
Tcrzmyx8c,2025-10-16T08:58:05.299Z,XAUUSD,PUT,15,0,PENDING,0,Baseline,1
T2agtjc7c,2025-10-16T08:59:43.352Z,XAUUSD,PUT,15,0,PENDING,0,Baseline,1
Tqscklvyz,2025-10-16T09:00:43.375Z,XAUUSD,PUT,15,0,PENDING,0,Baseline,1
Tkm7a58ma,2025-10-16T09:01:43.386Z,EURUSD,PUT,15,0,PENDING,0,Baseline,1
T3ayixkde,2025-10-16T09:02:43.410Z,EURUSD,PUT,15,0,PENDING,0,Baseline,1
Tked0nj0x,2025-10-16T09:03:43.414Z,EURUSD,CALL,15,0,PENDING,0,Baseline,1
Tt6goqzb0,2025-10-16T09:04:43.433Z,EURUSD,CALL,15,0,PENDING,0,Baseline,1
Trzbi5a7v,2025-10-16T09:05:13.435Z,XAUUSD,CALL,15,0,PENDING,0,Baseline,1
Tlcp6cpxx,2025-10-16T09:06:13.459Z,EURUSD,PUT,15,0,PENDING,0,Baseline,1
Tlmpjma4o,2025-10-16T09:07:13.485Z,XAUUSD,CALL,15,0,PENDING,0,Baseline,1
T7fcq1l24,2025-10-16T09:08:13.502Z,XAUUSD,PUT,15,0,PENDING,0,Baseline,1
Tqlwj09np,2025-10-16T09:09:13.519Z,XAUUSD,PUT,15,0,PENDING,0,Baseline,1
Tjfyfck66,2025-10-16T09:10:13.526Z,EURUSD,PUT,15,0,PENDING,0,Baseline,1
Tux8wnemu,2025-10-16T09:11:13.540Z,EURUSD,PUT,14,0,PENDING,0,Baseline,1
Tns3gdguu,2025-10-16T09:12:13.548Z,EURUSD,PUT,14,0,PENDING,0,Baseline,1
Tij6cf2wu,2025-10-16T09:13:13.563Z,XAUUSD,PUT,14,0,PENDING,0,Baseline,1
Tupqd2gm5,2025-10-16T09:14:13.581Z,XAUUSD,CALL,14,0,PENDING,0,Baseline,1
T9w21vt5p,2025-10-16T09:15:13.591Z,EURUSD,CALL,14,0,PENDING,0,Baseline,1
Tq85i4hxl,2025-10-16T09:16:13.608Z,XAUUSD,PUT,14,0,PENDING,0,Baseline,1
T637ezkct,2025-10-16T09:17:13.618Z,EURUSD,PUT,14,0,PENDING,0,Baseline,1
Tnr4iltv3,2025-10-16T09:18:13.633Z,XAUUSD,PUT,14,0,PENDING,0,Baseline,1
T88bc2r6t,2025-10-16T09:19:13.646Z,XAUUSD,CALL,14,0,PENDING,0,Baseline,1
T0fee82c7,2025-10-16T09:20:13.666Z,EURUSD,CALL,14,0,PENDING,0,Baseline,1
Tnbh1syon,2025-10-16T09:21:13.673Z,XAUUSD,PUT,14,0,PENDING,0,Baseline,1
T187bqzp7,2025-10-16T09:22:13.689Z,EURUSD,CALL,14,0,PENDING,0,Baseline,1
T87ysxvo4,2025-10-16T09:23:13.699Z,XAUUSD,PUT,13,0,PENDING,0,Baseline,1
Toch1ovrs,2025-10-16T09:24:13.710Z,EURUSD,PUT,14,0,PENDING,0,Baseline,1
T99c27nxy,2025-10-16T09:25:13.718Z,XAUUSD,CALL,13,0,PENDING,0,Baseline,1
Tie0iyzcm,2025-10-16T09:26:13.735Z,XAUUSD,CALL,14,0,PENDING,0,Baseline,1
Tcl0yit62,2025-10-16T09:27:13.754Z,EURUSD,CALL,13,0,PENDING,0,Baseline,1
Tru54heqq,2025-10-16T09:28:13.767Z,EURUSD,CALL,13,0,PENDING,0,Baseline,1
Toxdg5h9g,2025-10-16T09:29:13.791Z,XAUUSD,CALL,13,0,PENDING,0,Baseline,1
T5z1llze5,2025-10-16T09:30:13.813Z,XAUUSD,PUT,13,0,PENDING,0,Baseline,1
Th9i71r43,2025-10-16T09:31:13.823Z,XAUUSD,CALL,13,0,PENDING,0,Baseline,1
Tmus1gv7t,2025-10-16T09:32:13.841Z,XAUUSD,CALL,13,0,PENDING,0,Baseline,1
T0vkvxoef,2025-10-16T09:33:13.850Z,XAUUSD,CALL,13,0,PENDING,0,Baseline,1
Tkcr04egg,2025-10-16T09:34:13.860Z,EURUSD,CALL,13,0,PENDING,0,Baseline,1
T4562jx6d,2025-10-16T09:35:13.892Z,XAUUSD,PUT,13,0,PENDING,0,Baseline,1
Taq3zc8p5,2025-10-16T09:36:13.922Z,EURUSD,PUT,13,0,PENDING,0,Baseline,1
Tlqlyblfd,2025-10-16T09:37:13.930Z,XAUUSD,CALL,13,0,PENDING,0,Baseline,1
T785i1vnt,2025-10-16T09:38:13.946Z,XAUUSD,CALL,13,0,PENDING,0,Baseline,1
T6lzfdg3q,2025-10-16T09:39:13.956Z,EURUSD,CALL,13,0,PENDING,0,Baseline,1
Ty6780815,2025-10-16T09:40:13.972Z,XAUUSD,CALL,13,0,PENDING,0,Baseline,1
Tmkj97ajg,2025-10-16T09:41:13.987Z,XAUUSD,PUT,13,0,PENDING,0,Baseline,1
Tpu2pw9d6,2025-10-16T09:42:13.999Z,EURUSD,CALL,13,0,PENDING,0,Baseline,1
Tay2yb87l,2025-10-16T09:43:14.010Z,XAUUSD,CALL,13,0,PENDING,0,Baseline,1
Tz27gemrz,2025-10-16T09:44:14.025Z,EURUSD,PUT,13,0,PENDING,0,Baseline,1
Tow5y5k7l,2025-10-16T09:45:14.029Z,XAUUSD,CALL,13,0,PENDING,0,Baseline,1
Te5rvsbwy,2025-10-16T09:46:14.036Z,EURUSD,CALL,14,0,PENDING,0,Baseline,1
Th2vab1a0,2025-10-16T09:47:14.049Z,EURUSD,PUT,14,0,PENDING,0,Baseline,1
Ts0rw8dhz,2025-10-16T09:48:14.073Z,XAUUSD,CALL,14,0,PENDING,0,Baseline,1
T0ezq88l1,2025-10-16T09:49:14.081Z,XAUUSD,PUT,13,0,PENDING,0,Baseline,1
Tfux29p65,2025-10-16T09:50:14.101Z,XAUUSD,PUT,14,0,PENDING,0,Baseline,1
Txfb3fmyn,2025-10-16T09:51:14.123Z,XAUUSD,PUT,13,0,PENDING,0,Baseline,1
T1tnd9w8k,2025-10-16T09:52:14.138Z,XAUUSD,PUT,13,0,PENDING,0,Baseline,1
T7wkfbvti,2025-10-16T09:53:14.148Z,XAUUSD,CALL,13,0,PENDING,0,Baseline,1
Tgdl69nqq,2025-10-16T09:54:14.169Z,EURUSD,CALL,13,0,PENDING,0,Baseline,1
Tc9knhczo,2025-10-16T09:55:14.174Z,XAUUSD,PUT,13,0,PENDING,0,Baseline,1
Txfidko08,2025-10-16T09:57:49.174Z,XAUUSD,CALL,13,0,PENDING,0,Baseline,1
T1le6bh7m,2025-10-16T09:58:49.187Z,EURUSD,CALL,13,0,PENDING,0,Baseline,1
Tky2h4s8j,2025-10-16T09:59:49.196Z,EURUSD,PUT,13,0,PENDING,0,Baseline,1
Trbpulo7w,2025-10-16T10:00:49.217Z,EURUSD,PUT,13,0,PENDING,0,Baseline,1
T6yj4w1qr,2025-10-16T10:01:49.232Z,EURUSD,PUT,13,0,PENDING,0,Baseline,1
Tcf656c42,2025-10-16T10:02:49.236Z,EURUSD,CALL,13,0,PENDING,0,Baseline,1
Tl8wdh1tz,2025-10-16T10:03:49.252Z,EURUSD,PUT,12,0,PENDING,0,Baseline,1
T7hkt8uet,2025-10-16T10:04:49.265Z,XAUUSD,CALL,13,0,PENDING,0,Baseline,1
Tzmfyuwyj,2025-10-16T10:05:49.287Z,EURUSD,PUT,12,0,PENDING,0,Baseline,1
T1ypnim04,2025-10-16T10:06:49.307Z,XAUUSD,PUT,12,0,PENDING,0,Baseline,1
Tvx00xvxh,2025-10-16T10:07:49.326Z,XAUUSD,PUT,12,0,PENDING,0,Baseline,1
T7ctg29z0,2025-10-16T10:08:49.338Z,XAUUSD,CALL,12,0,PENDING,0,Baseline,1
T4ye0y5vz,2025-10-16T10:09:49.349Z,XAUUSD,PUT,12,0,PENDING,0,Baseline,1
Tnrima7bl,2025-10-16T10:10:49.367Z,XAUUSD,PUT,12,0,PENDING,0,Baseline,1
Tpl3wixp1,2025-10-16T11:42:48.321Z,EURUSD,CALL,10,0,PENDING,0,Baseline,1
Tv4bmv80r,2025-10-16T11:43:48.336Z,XAUUSD,PUT,10,0,PENDING,0,Baseline,1
Tbmf427ov,2025-10-16T11:44:48.350Z,EURUSD,CALL,10,0,PENDING,0,Baseline,1
T4vv0zx1u,2025-10-16T11:45:48.352Z,EURUSD,CALL,10,0,PENDING,0,Baseline,1
T230ud2d1,2025-10-16T11:46:48.368Z,EURUSD,PUT,10,0,PENDING,0,Baseline,1
T20iimfhy,2025-10-16T11:47:48.383Z,XAUUSD,CALL,10,0,PENDING,0,Baseline,1
Te67mgwcj,2025-10-16T11:48:48.398Z,EURUSD,PUT,10,0,PENDING,0,Baseline,1
T1o55e039,2025-10-16T11:49:48.414Z,EURUSD,PUT,10,0,PENDING,0,Baseline,1
Tcf8ddj49,2025-10-16T11:50:48.430Z,XAUUSD,PUT,10,0,PENDING,0,Baseline,1
Thpltn5n5,2025-10-16T11:51:48.439Z,EURUSD,PUT,10,0,PENDING,0,Baseline,1
Ta1hxotgm,2025-10-16T11:52:48.452Z,XAUUSD,CALL,10,0,PENDING,0,Baseline,1
To1ojpd50,2025-10-16T11:53:48.455Z,EURUSD,CALL,10,0,PENDING,0,Baseline,1
Txty04kbc,2025-10-16T11:54:48.469Z,XAUUSD,CALL,10,0,PENDING,0,Baseline,1
Tpr7p4bql,2025-10-16T11:55:48.471Z,EURUSD,PUT,10,0,PENDING,0,Baseline,1
Tq0urtqv4,2025-10-16T11:56:48.486Z,XAUUSD,PUT,10,0,PENDING,0,Baseline,1
T9h7mtie1,2025-10-16T11:57:48.487Z,EURUSD,CALL,10,0,PENDING,0,Baseline,1
Tk5tb18un,2025-10-16T11:58:48.492Z,XAUUSD,PUT,10,0,PENDING,0,Baseline,1
Tui9vzu7r,2025-10-16T11:59:48.507Z,EURUSD,PUT,10,0,PENDING,0,Baseline,1
Tr2d7z8oz,2025-10-16T12:00:48.508Z,XAUUSD,PUT,10,0,PENDING,0,Baseline,1
Tfh28rlav,2025-10-16T12:01:48.523Z,XAUUSD,PUT,10,0,PENDING,0,Baseline,1
Tc08a7656,2025-10-16T12:02:48.534Z,EURUSD,CALL,10,0,PENDING,0,Baseline,1
Tklmolik9,2025-10-16T12:22:27.129Z,XAUUSD,CALL,10,0,PENDING,0,Baseline,1
Tz1mwmr33,2025-10-16T12:23:27.138Z,XAUUSD,PUT,10,0,PENDING,0,Baseline,1
Teqfz6157,2025-10-16T12:24:27.139Z,XAUUSD,PUT,10,0,PENDING,0,Baseline,1
Tlw0ggvcm,2025-10-16T12:25:27.141Z,XAUUSD,PUT,10,0,PENDING,0,Baseline,1
T2pw2ny16,2025-10-16T12:26:27.145Z,EURUSD,CALL,10,0,PENDING,0,Baseline,1
Tkt5xhvfn,2025-10-16T12:27:27.147Z,EURUSD,PUT,10,0,PENDING,0,Baseline,1
T4rs5fa8b,2025-10-16T12:28:27.150Z,EURUSD,PUT,10,0,PENDING,0,Baseline,1
Tlhkhdq16,2025-10-16T12:29:27.167Z,XAUUSD,PUT,10,0,PENDING,0,Baseline,1
T6fhw3nyi,2025-10-16T12:30:27.171Z,EURUSD,PUT,10,0,PENDING,0,Baseline,1
Tl33rmos6,2025-10-16T12:31:27.173Z,EURUSD,CALL,10,0,PENDING,0,Baseline,1
Twjzxm8p8,2025-10-16T12:32:27.175Z,XAUUSD,CALL,10,0,PENDING,0,Baseline,1
Tphclvet3,2025-10-16T12:33:27.176Z,XAUUSD,PUT,10,0,PENDING,0,Baseline,1
Tvutuouy6,2025-10-16T12:34:27.177Z,EURUSD,CALL,10,0,PENDING,0,Baseline,1
Tjj31owgz,2025-10-16T12:35:27.178Z,XAUUSD,PUT,10,0,PENDING,0,Baseline,1
Tdibpvrno,2025-10-16T12:36:27.179Z,EURUSD,CALL,10,0,PENDING,0,Baseline,1
Tj6wssukp,2025-10-16T12:37:27.181Z,EURUSD,CALL,10,0,PENDING,0,Baseline,1
Tau73ahii,2025-10-16T12:38:27.185Z,EURUSD,PUT,10,0,PENDING,0,Baseline,1
Tqow726s6,2025-10-16T12:39:27.186Z,XAUUSD,PUT,10,0,PENDING,0,Baseline,1
Twapy75nl,2025-10-16T12:40:27.188Z,XAUUSD,CALL,10,0,PENDING,0,Baseline,1
Txkvcdsq9,2025-10-16T12:41:27.189Z,XAUUSD,PUT,10,0,PENDING,0,Baseline,1
Temtexvsf,2025-10-16T12:42:27.190Z,XAUUSD,CALL,10,0,PENDING,0,Baseline,1
T67m4liah,2025-10-16T12:43:27.191Z,EURUSD,CALL,10,0,PENDING,0,Baseline,1
Tey8seiah,2025-10-16T12:44:27.192Z,XAUUSD,PUT,10,0,PENDING,0,Baseline,1
Tom2drqkv,2025-10-16T12:45:27.193Z,XAUUSD,CALL,10,0,PENDING,0,Baseline,1
Ti1q6ku23,2025-10-16T12:46:27.193Z,XAUUSD,CALL,10,0,PENDING,0,Baseline,1
Ty3y9i6w8,2025-10-16T12:47:27.193Z,EURUSD,PUT,10,0,PENDING,0,Baseline,1
T2xajsfb6,2025-10-16T12:48:27.196Z,XAUUSD,CALL,10,0,PENDING,0,Baseline,1
Thdrff0rb,2025-10-16T12:49:27.197Z,EURUSD,CALL,10,0,PENDING,0,Baseline,1
Tiiop3kad,2025-10-16T12:50:27.197Z,EURUSD,PUT,10,0,PENDING,0,Baseline,1
Tlvp7a4qw,2025-10-16T12:51:27.199Z,XAUUSD,PUT,10,0,PENDING,0,Baseline,1
Tn851yhca,2025-10-16T12:52:27.211Z,EURUSD,PUT,10,0,PENDING,0,Baseline,1
T6ve8mwr3,2025-10-16T12:53:27.226Z,EURUSD,PUT,10,0,PENDING,0,Baseline,1
Tdhjgaaob,2025-10-16T12:54:27.231Z,XAUUSD,PUT,10,0,PENDING,0,Baseline,1
Tl6kf2767,2025-10-16T12:55:27.241Z,EURUSD,PUT,10,0,PENDING,0,Baseline,1
T7ttw5pis,2025-10-16T12:56:27.242Z,EURUSD,CALL,10,0,PENDING,0,Baseline,1
T95fewqtp,2025-10-16T12:57:27.258Z,EURUSD,PUT,10,0,PENDING,0,Baseline,1
T3bw0irs0,2025-10-16T12:58:27.258Z,XAUUSD,PUT,10,0,PENDING,0,Baseline,1
Tzzjhv1dk,2025-10-16T12:59:27.270Z,EURUSD,CALL,10,0,PENDING,0,Baseline,1
Twyueuh0a,2025-10-16T13:00:27.287Z,XAUUSD,PUT,10,0,PENDING,0,Baseline,1
Tiz3jf3k2,2025-10-16T13:01:27.303Z,EURUSD,CALL,10,0,PENDING,0,Baseline,1
Tbk2pfrhr,2025-10-16T13:02:27.304Z,XAUUSD,CALL,10,0,PENDING,0,Baseline,1
Tbw6fdppl,2025-10-16T13:03:27.319Z,EURUSD,CALL,10,0,PENDING,0,Baseline,1
Tqvjwn7lb,2025-10-16T13:04:27.319Z,XAUUSD,CALL,10,0,PENDING,0,Baseline,1
Tcb74ky7f,2025-10-16T13:05:27.320Z,EURUSD,PUT,10,0,PENDING,0,Baseline,1
Tzfv2dpzs,2025-10-16T13:06:27.335Z,EURUSD,CALL,10,0,PENDING,0,Baseline,1
Txulrqnkp,2025-10-16T13:07:27.336Z,XAUUSD,CALL,10,0,PENDING,0,Baseline,1
Tlvywprju,2025-10-16T13:08:27.337Z,EURUSD,CALL,10,0,PENDING,0,Baseline,1
Twrmgm8rl,2025-10-16T13:20:49.645Z,XAUUSD,PUT,10,0,PENDING,0,Baseline,1
Tzum7baou,2025-10-16T13:26:13.589Z,XAUUSD,CALL,10,0,PENDING,0,Baseline,1
Tjeau8qv5,2025-10-16T13:27:13.592Z,XAUUSD,PUT,10,0,PENDING,0,Baseline,1
T3qpzeuav,2025-10-16T13:28:13.594Z,XAUUSD,CALL,10,0,PENDING,0,Baseline,1
Txh002wqr,2025-10-16T13:30:04.051Z,EURUSD,CALL,10,0,PENDING,0,Baseline,1
Tjo8vd33n,2025-10-16T13:31:04.052Z,XAUUSD,PUT,10,0,PENDING,0,Baseline,1
Td73uirep,2025-10-16T13:32:27.509Z,XAUUSD,PUT,10,0,PENDING,0,Baseline,1
Tc6ybxj5a,2025-10-16T13:33:27.523Z,EURUSD,PUT,10,0,PENDING,0,Baseline,1
T9v7ywb7k,2025-10-16T13:34:27.539Z,XAUUSD,CALL,10,0,PENDING,0,Baseline,1
Tzku3mbqz,2025-10-16T13:35:27.553Z,EURUSD,PUT,10,0,PENDING,0,Baseline,1
Tlz48fh4v,2025-10-16T13:36:27.556Z,XAUUSD,CALL,10,0,PENDING,0,Baseline,1
T6b9i246z,2025-10-16T13:37:27.558Z,EURUSD,PUT,10,0,PENDING,0,Baseline,1
Tk1t7c9cy,2025-10-16T13:38:27.560Z,XAUUSD,PUT,10,0,PENDING,0,Baseline,1
Ttb1o2w4y,2025-10-16T13:40:13.185Z,EURUSD,PUT,10,0,PENDING,0,Baseline,1
Tc5dvy1vo,2025-10-16T13:41:13.187Z,XAUUSD,PUT,10,0,PENDING,0,Baseline,1
Trk22z20s,2025-10-16T13:42:13.188Z,EURUSD,PUT,10,0,PENDING,0,Baseline,1
T0w36f42f,2025-10-16T13:43:13.191Z,XAUUSD,CALL,10,0,PENDING,0,Baseline,1
Twow6xogz,2025-10-16T13:44:13.193Z,XAUUSD,CALL,10,0,PENDING,0,Baseline,1
Tx0ntwkkp,2025-10-16T13:45:13.194Z,XAUUSD,CALL,10,0,PENDING,0,Baseline,1
T6oo0fayt,2025-10-16T13:46:13.194Z,XAUUSD,CALL,10,0,PENDING,0,Baseline,1
T5xeqxmgf,2025-10-16T13:47:13.196Z,EURUSD,CALL,10,0,PENDING,0,Baseline,1
Tb3dcfhpi,2025-10-16T13:48:13.199Z,XAUUSD,PUT,10,0,PENDING,0,Baseline,1
T8lxuduwp,2025-10-16T13:52:36.478Z,EURUSD,PUT,10,0,PENDING,0,Baseline,1
Tqgwd9pqt,2025-10-16T13:53:36.481Z,EURUSD,PUT,10,0,PENDING,0,Baseline,1
T7g56w9f3,2025-10-16T13:54:36.485Z,EURUSD,CALL,10,0,PENDING,0,Baseline,1
Tat9wkftk,2025-10-16T13:55:36.487Z,XAUUSD,CALL,10,0,PENDING,0,Baseline,1
T43aslabl,2025-10-16T13:56:36.490Z,XAUUSD,CALL,10,0,PENDING,0,Baseline,1
T1mathnbw,2025-10-16T13:57:36.493Z,XAUUSD,PUT,10,0,PENDING,0,Baseline,1
Tg41dc3tt,2025-10-16T13:58:36.495Z,EURUSD,PUT,10,0,PENDING,0,Baseline,1
Twgr04bka,2025-10-16T13:59:36.495Z,XAUUSD,CALL,10,0,PENDING,0,Baseline,1
Ti0xhkq23,2025-10-16T14:00:36.496Z,XAUUSD,PUT,10,0,PENDING,0,Baseline,1
T4uciwi2a,2025-10-16T14:01:36.497Z,XAUUSD,CALL,10,0,PENDING,0,Baseline,1
Tp49c70e3,2025-10-16T14:02:36.498Z,XAUUSD,CALL,10,0,PENDING,0,Baseline,1
T7hvwfgsi,2025-10-16T14:03:36.502Z,XAUUSD,CALL,10,0,PENDING,0,Baseline,1
T3y64qhyw,2025-10-16T14:04:36.504Z,XAUUSD,CALL,10,0,PENDING,0,Baseline,1
Tinytki14,2025-10-16T14:05:36.506Z,EURUSD,PUT,10,0,PENDING,0,Baseline,1
Tcjbegbxb,2025-10-16T14:06:36.508Z,XAUUSD,CALL,10,0,PENDING,0,Baseline,1
Twl23jdb5,2025-10-16T14:07:36.508Z,XAUUSD,PUT,10,0,PENDING,0,Baseline,1
Tb53nousc,2025-10-16T14:08:36.510Z,EURUSD,CALL,10,0,PENDING,0,Baseline,1
Tdfzc8qn3,2025-10-16T14:09:36.515Z,XAUUSD,PUT,10,0,PENDING,0,Baseline,1
T28k16c8v,2025-10-16T14:10:36.536Z,XAUUSD,CALL,10,0,PENDING,0,Baseline,1
Ts15d0pl0,2025-10-16T14:11:36.537Z,EURUSD,CALL,10,0,PENDING,0,Baseline,1
Takexd5xp,2025-10-16T14:12:36.537Z,EURUSD,CALL,10,0,PENDING,0,Baseline,1
Tu378tdhc,2025-10-16T14:13:36.539Z,EURUSD,CALL,10,0,PENDING,0,Baseline,1
Tyneefwn1,2025-10-16T14:14:36.539Z,EURUSD,PUT,10,0,PENDING,0,Baseline,1
T5x6tmrx6,2025-10-16T14:15:36.541Z,EURUSD,CALL,10,0,PENDING,0,Baseline,1
T28gf64so,2025-10-16T14:16:36.543Z,XAUUSD,CALL,10,0,PENDING,0,Baseline,1
Te64dws2h,2025-10-16T14:17:36.547Z,XAUUSD,PUT,10,0,PENDING,0,Baseline,1
T6hamv9po,2025-10-16T14:18:36.550Z,XAUUSD,PUT,10,0,PENDING,0,Baseline,1
T7vxgimh2,2025-10-16T14:19:36.551Z,EURUSD,PUT,10,0,PENDING,0,Baseline,1
T6qsjqqkb,2025-10-16T14:20:36.554Z,EURUSD,PUT,10,0,PENDING,0,Baseline,1
Tuhxsg6wo,2025-10-16T14:21:36.555Z,XAUUSD,CALL,10,0,PENDING,0,Baseline,1
T7f93sya7,2025-10-16T14:22:36.559Z,XAUUSD,CALL,10,0,PENDING,0,Baseline,1
Txxhdar0g,2025-10-16T14:23:36.562Z,XAUUSD,PUT,10,0,PENDING,0,Baseline,1
Tjefaytzn,2025-10-16T14:24:36.564Z,EURUSD,PUT,10,0,PENDING,0,Baseline,1
Tikm2xfcq,2025-10-16T14:25:36.565Z,EURUSD,PUT,10,0,PENDING,0,Baseline,1
T80q2vlzc,2025-10-16T14:26:36.566Z,XAUUSD,PUT,10,0,PENDING,0,Baseline,1
T7tayar14,2025-10-16T14:27:36.567Z,EURUSD,PUT,10,0,PENDING,0,Baseline,1
T5f4cn7xz,2025-10-16T14:28:36.567Z,XAUUSD,CALL,10,0,PENDING,0,Baseline,1
Tbf6ch7pj,2025-10-16T14:29:36.568Z,EURUSD,PUT,10,0,PENDING,0,Baseline,1
Twv3doo8v,2025-10-16T14:30:36.570Z,XAUUSD,CALL,10,0,PENDING,0,Baseline,1
Tpnuyfzd7,2025-10-16T14:31:36.571Z,XAUUSD,PUT,10,0,PENDING,0,Baseline,1
T64032p2w,2025-10-16T14:32:36.572Z,XAUUSD,CALL,10,0,PENDING,0,Baseline,1
Twgudffr6,2025-10-16T14:33:36.574Z,XAUUSD,PUT,10,0,PENDING,0,Baseline,1
Tujmrzaoj,2025-10-16T14:34:36.575Z,XAUUSD,CALL,10,0,PENDING,0,Baseline,1
T42h2j6qr,2025-10-16T14:35:36.577Z,XAUUSD,CALL,10,0,PENDING,0,Baseline,1
Tjkh77t41,2025-10-16T14:36:36.579Z,EURUSD,PUT,10,0,PENDING,0,Baseline,1
Te0gszfsv,2025-10-16T14:37:36.580Z,XAUUSD,PUT,10,0,PENDING,0,Baseline,1
T0jxvwwfw,2025-10-16T14:40:23.890Z,XAUUSD,PUT,10,0,PENDING,0,Baseline,1
Tx1fwbk2s,2025-10-16T14:41:23.894Z,EURUSD,CALL,10,0,PENDING,0,Baseline,1
Ttja92v9z,2025-10-16T14:42:23.896Z,XAUUSD,PUT,10,0,PENDING,0,Baseline,1
Txsb82oa5,2025-10-16T14:43:23.898Z,XAUUSD,PUT,10,0,PENDING,0,Baseline,1
Toctd6fdg,2025-10-16T14:44:23.898Z,EURUSD,PUT,10,0,PENDING,0,Baseline,1
T7s4rrdqn,2025-10-16T14:45:23.901Z,XAUUSD,CALL,10,0,PENDING,0,Baseline,1
Ti39vt2e0,2025-10-16T14:46:23.904Z,EURUSD,PUT,10,0,PENDING,0,Baseline,1
Tguyvz2dl,2025-10-16T14:47:23.905Z,EURUSD,PUT,10,0,PENDING,0,Baseline,1
Toy8b82u7,2025-10-16T14:48:23.908Z,EURUSD,CALL,10,0,PENDING,0,Baseline,1
T1e7wkhy0,2025-10-16T14:49:23.910Z,EURUSD,PUT,10,0,PENDING,0,Baseline,1
T4zf26ku2,2025-10-16T14:50:23.912Z,XAUUSD,CALL,10,0,PENDING,0,Baseline,1
Te37kny7q,2025-10-16T14:51:23.915Z,XAUUSD,PUT,10,0,PENDING,0,Baseline,1
Tqjzes9bl,2025-10-16T14:52:23.918Z,XAUUSD,CALL,10,0,PENDING,0,Baseline,1
Tkeifij53,2025-10-16T14:53:23.919Z,EURUSD,PUT,10,0,PENDING,0,Baseline,1
Tfjmg2iwr,2025-10-16T14:54:23.920Z,EURUSD,CALL,10,0,PENDING,0,Baseline,1
Tk4bgg01r,2025-10-16T14:55:23.923Z,XAUUSD,PUT,10,0,PENDING,0,Baseline,1
Tql1f7ckr,2025-10-16T14:56:23.938Z,EURUSD,CALL,10,0,PENDING,0,Baseline,1
Tr5bl633x,2025-10-16T14:57:23.939Z,EURUSD,PUT,10,0,PENDING,0,Baseline,1
Tszt2padt,2025-10-16T14:58:23.950Z,EURUSD,CALL,10,0,PENDING,0,Baseline,1
Tdcod2zam,2025-10-16T14:59:23.954Z,EURUSD,CALL,10,0,PENDING,0,Baseline,1
Tbo1ty9ru,2025-10-16T15:00:23.957Z,XAUUSD,PUT,10,0,PENDING,0,Baseline,1
Tw7psdenz,2025-10-16T15:01:23.971Z,EURUSD,PUT,10,0,PENDING,0,Baseline,1
Tm3p3xddy,2025-10-16T15:02:23.983Z,XAUUSD,PUT,10,0,PENDING,0,Baseline,1
Tmmj5ldz5,2025-10-16T15:03:23.993Z,EURUSD,CALL,10,0,PENDING,0,Baseline,1
Tjuryjpon,2025-10-16T15:04:24.008Z,EURUSD,PUT,10,0,PENDING,0,Baseline,1
T5xovyqfi,2025-10-16T15:05:24.013Z,EURUSD,CALL,10,0,PENDING,0,Baseline,1
Tzcr1w0cc,2025-10-16T15:06:24.023Z,XAUUSD,CALL,10,0,PENDING,0,Baseline,1
Twpkaq1ti,2025-10-16T15:07:24.039Z,EURUSD,PUT,10,0,PENDING,0,Baseline,1
Tfrp23fon,2025-10-16T15:08:24.054Z,EURUSD,CALL,10,0,PENDING,0,Baseline,1
Tmay63jhd,2025-10-16T15:09:24.055Z,XAUUSD,PUT,10,0,PENDING,0,Baseline,1
Twgoli594,2025-10-16T15:10:24.070Z,EURUSD,CALL,10,0,PENDING,0,Baseline,1
Tle9p3lhi,2025-10-16T15:11:24.086Z,EURUSD,CALL,10,0,PENDING,0,Baseline,1
T9lhy9rcv,2025-10-16T15:12:24.087Z,XAUUSD,PUT,10,0,PENDING,0,Baseline,1
Tr73plt5p,2025-10-16T15:13:24.102Z,EURUSD,PUT,10,0,PENDING,0,Baseline,1
T84bbfjm3,2025-10-16T15:14:24.117Z,XAUUSD,PUT,10,0,PENDING,0,Baseline,1
Twjcs8791,2025-10-16T15:15:24.133Z,XAUUSD,PUT,10,0,PENDING,0,Baseline,1
T6w6er85c,2025-10-16T15:16:24.134Z,EURUSD,CALL,10,0,PENDING,0,Baseline,1
Teqs4endy,2025-10-16T15:17:24.147Z,XAUUSD,CALL,10,0,PENDING,0,Baseline,1
Tburw8mgk,2025-10-16T15:18:24.149Z,XAUUSD,PUT,10,0,PENDING,0,Baseline,1
Tnmsgjgv7,2025-10-16T15:19:24.149Z,XAUUSD,CALL,10,0,PENDING,0,Baseline,1
Tdyt7p4r6,2025-10-16T15:20:24.151Z,XAUUSD,CALL,10,0,PENDING,0,Baseline,1
Tu9w65exp,2025-10-16T15:21:24.157Z,EURUSD,PUT,10,0,PENDING,0,Baseline,1
T0dnwwzda,2025-10-16T15:22:24.161Z,EURUSD,CALL,10,0,PENDING,0,Baseline,1
Thf5yojoj,2025-10-16T15:23:24.163Z,EURUSD,PUT,10,0,PENDING,0,Baseline,1
Tn5cfhx39,2025-10-16T15:24:24.168Z,XAUUSD,PUT,10,0,PENDING,0,Baseline,1
Tviiseuin,2025-10-16T15:25:24.172Z,EURUSD,PUT,10,0,PENDING,0,Baseline,1
T0f9dd1jp,2025-10-16T15:26:24.177Z,EURUSD,CALL,10,0,PENDING,0,Baseline,1
T2i8ahcj1,2025-10-16T15:27:24.194Z,XAUUSD,PUT,10,0,PENDING,0,Baseline,1
T2b4zxfdo,2025-10-16T15:28:24.197Z,EURUSD,CALL,10,0,PENDING,0,Baseline,1
T4rk9sxy0,2025-10-16T15:29:24.210Z,XAUUSD,PUT,10,0,PENDING,0,Baseline,1
Tvqyvh0gb,2025-10-16T15:30:24.225Z,XAUUSD,PUT,10,0,PENDING,0,Baseline,1
T3vpme4dm,2025-10-16T15:31:24.240Z,XAUUSD,CALL,10,0,PENDING,0,Baseline,1
Tw7ch2o6f,2025-10-16T15:32:24.253Z,EURUSD,PUT,10,0,PENDING,0,Baseline,1
T8yvgwldv,2025-10-16T15:33:24.259Z,XAUUSD,PUT,10,0,PENDING,0,Baseline,1
Tj37dzamn,2025-10-16T15:34:24.270Z,XAUUSD,CALL,10,0,PENDING,0,Baseline,1
Te1595ojd,2025-10-16T15:35:24.274Z,XAUUSD,CALL,10,0,PENDING,0,Baseline,1
Tglbi8dnt,2025-10-16T15:36:24.286Z,EURUSD,PUT,10,0,PENDING,0,Baseline,1
Ttjamsvuh,2025-10-16T15:37:24.296Z,EURUSD,PUT,10,0,PENDING,0,Baseline,1
Te4s6nl1y,2025-10-16T15:38:24.306Z,XAUUSD,PUT,10,0,PENDING,0,Baseline,1
T90secg5r,2025-10-16T15:39:24.309Z,EURUSD,PUT,10,0,PENDING,0,Baseline,1
T5s7lcwh0,2025-10-16T15:40:24.326Z,XAUUSD,CALL,10,0,PENDING,0,Baseline,1
Trgmqfz6c,2025-10-16T15:41:24.334Z,XAUUSD,CALL,10,0,PENDING,0,Baseline,1
Tw9f8p3n8,2025-10-16T15:42:24.336Z,EURUSD,CALL,10,0,PENDING,0,Baseline,1
Tjk47yope,2025-10-16T15:43:24.343Z,EURUSD,CALL,10,0,PENDING,0,Baseline,1
Tvje0ouc7,2025-10-16T15:44:24.352Z,EURUSD,PUT,10,0,PENDING,0,Baseline,1
Thu02jqcu,2025-10-16T15:45:24.369Z,EURUSD,CALL,10,0,PENDING,0,Baseline,1
Typxa4qos,2025-10-16T15:46:24.372Z,XAUUSD,PUT,10,0,PENDING,0,Baseline,1
Tusukp97n,2025-10-16T15:47:24.386Z,EURUSD,PUT,10,0,PENDING,0,Baseline,1
Ttyw8g2px,2025-10-16T15:48:24.400Z,XAUUSD,CALL,10,0,PENDING,0,Baseline,1
Tp7dzwjar,2025-10-16T15:49:24.404Z,XAUUSD,PUT,10,0,PENDING,0,Baseline,1
Tk9bp9mne,2025-10-16T15:50:24.410Z,XAUUSD,PUT,10,0,PENDING,0,Baseline,1
Tdqim3nnb,2025-10-16T15:51:24.415Z,EURUSD,PUT,10,0,PENDING,0,Baseline,1
T3fnqjeni,2025-10-16T15:52:24.428Z,XAUUSD,CALL,10,0,PENDING,0,Baseline,1
Thu3jdmyv,2025-10-16T15:53:24.442Z,EURUSD,PUT,10,0,PENDING,0,Baseline,1
T0yjvs4pc,2025-10-16T15:54:24.447Z,XAUUSD,PUT,10,0,PENDING,0,Baseline,1
Tmsar0vb0,2025-10-16T15:55:24.462Z,EURUSD,CALL,10,0,PENDING,0,Baseline,1
Twkn3c3i8,2025-10-16T15:56:24.464Z,XAUUSD,PUT,10,0,PENDING,0,Baseline,1
Tanboq6vn,2025-10-16T15:57:24.480Z,XAUUSD,PUT,10,0,PENDING,0,Baseline,1
Taaxk6j0k,2025-10-16T15:58:24.496Z,EURUSD,PUT,10,0,PENDING,0,Baseline,1
Tl40j1uj5,2025-10-16T15:59:24.509Z,EURUSD,CALL,10,0,PENDING,0,Baseline,1
T4czgtirs,2025-10-16T16:00:24.512Z,EURUSD,PUT,10,0,PENDING,0,Baseline,1
Tas5j4nwd,2025-10-16T16:01:24.528Z,XAUUSD,CALL,10,0,PENDING,0,Baseline,1
T7mbk9g1c,2025-10-16T16:02:24.543Z,EURUSD,CALL,10,0,PENDING,0,Baseline,1
T5884eqp4,2025-10-16T16:03:24.544Z,XAUUSD,PUT,10,0,PENDING,0,Baseline,1
T91ht902c,2025-10-16T16:04:24.559Z,EURUSD,PUT,10,0,PENDING,0,Baseline,1
Trsfhvsus,2025-10-16T16:05:24.560Z,XAUUSD,CALL,10,0,PENDING,0,Baseline,1
Tcdvx4zh1,2025-10-16T16:06:24.575Z,XAUUSD,PUT,10,0,PENDING,0,Baseline,1
Tiohw0zuu,2025-10-16T16:07:24.585Z,XAUUSD,CALL,10,0,PENDING,0,Baseline,1
T0zcln4vi,2025-10-16T16:08:24.602Z,EURUSD,PUT,10,0,PENDING,0,Baseline,1
Tzm8rshsf,2025-10-16T16:09:24.606Z,XAUUSD,PUT,10,0,PENDING,0,Baseline,1
Tsufsraq4,2025-10-16T16:10:24.608Z,EURUSD,CALL,10,0,PENDING,0,Baseline,1
Ti158t90z,2025-10-16T16:11:24.630Z,EURUSD,CALL,10,0,PENDING,0,Baseline,1
T5d7cp1pn,2025-10-16T16:12:24.636Z,XAUUSD,PUT,10,0,PENDING,0,Baseline,1
Tqmxzqjsq,2025-10-16T16:13:24.642Z,EURUSD,PUT,10,0,PENDING,0,Baseline,1
Tslgw2eq4,2025-10-16T16:14:24.648Z,EURUSD,PUT,10,0,PENDING,0,Baseline,1
T3ilfqgn8,2025-10-16T16:15:24.656Z,EURUSD,CALL,10,0,PENDING,0,Baseline,1
T8kgn2oks,2025-10-16T16:16:24.663Z,XAUUSD,PUT,10,0,PENDING,0,Baseline,1
Tsdmf4avj,2025-10-16T16:17:24.676Z,EURUSD,PUT,10,0,PENDING,0,Baseline,1
T7abezpea,2025-10-16T16:18:24.677Z,EURUSD,PUT,10,0,PENDING,0,Baseline,1
T3fgxgg6o,2025-10-16T16:19:24.678Z,XAUUSD,PUT,10,0,PENDING,0,Baseline,1
Tyob4273j,2025-10-16T16:20:24.679Z,EURUSD,CALL,10,0,PENDING,0,Baseline,1
Tobc3r71n,2025-10-16T16:21:24.691Z,XAUUSD,PUT,10,0,PENDING,0,Baseline,1
Tqx6vh0t6,2025-10-16T16:22:24.711Z,XAUUSD,CALL,10,0,PENDING,0,Baseline,1
T1c2vi0xr,2025-10-16T16:23:24.719Z,EURUSD,PUT,10,0,PENDING,0,Baseline,1
Tx4dxmabp,2025-10-16T16:24:24.722Z,EURUSD,CALL,10,0,PENDING,0,Baseline,1
Tqo6dsjnh,2025-10-16T16:25:24.742Z,XAUUSD,CALL,10,0,PENDING,0,Baseline,1
Tajzeut14,2025-10-16T16:26:24.749Z,EURUSD,PUT,10,0,PENDING,0,Baseline,1
T055wxx6u,2025-10-16T16:27:24.757Z,EURUSD,CALL,10,0,PENDING,0,Baseline,1
Tzlp0fktx,2025-10-16T16:28:24.773Z,EURUSD,PUT,10,0,PENDING,0,Baseline,1
Tvqxuw3zp,2025-10-16T16:29:24.780Z,XAUUSD,CALL,10,0,PENDING,0,Baseline,1
Tkalzv4ry,2025-10-16T16:30:24.783Z,EURUSD,PUT,10,0,PENDING,0,Baseline,1
T66raonyz,2025-10-16T16:31:24.790Z,EURUSD,CALL,10,0,PENDING,0,Baseline,1
Tbsohjyhi,2025-10-16T16:32:24.796Z,EURUSD,CALL,10,0,PENDING,0,Baseline,1
Tgr67oj1n,2025-10-16T16:33:24.811Z,EURUSD,PUT,10,0,PENDING,0,Baseline,1
Tdhwprgr0,2025-10-16T16:34:24.815Z,XAUUSD,CALL,10,0,PENDING,0,Baseline,1
Ta4eeqoe2,2025-10-16T16:35:24.816Z,XAUUSD,PUT,10,0,PENDING,0,Baseline,1
Tx1k6syso,2025-10-16T16:36:24.831Z,XAUUSD,CALL,10,0,PENDING,0,Baseline,1
Tt0se2p11,2025-10-16T16:37:24.846Z,XAUUSD,PUT,10,0,PENDING,0,Baseline,1
T1g47m889,2025-10-16T16:38:24.847Z,EURUSD,CALL,10,0,PENDING,0,Baseline,1
T11hbxukk,2025-10-16T16:39:24.847Z,XAUUSD,CALL,10,0,PENDING,0,Baseline,1
Tj8hkj85v,2025-10-16T16:40:24.860Z,EURUSD,CALL,10,0,PENDING,0,Baseline,1
T4vi4h1pv,2025-10-16T16:41:24.861Z,XAUUSD,CALL,10,0,PENDING,0,Baseline,1
T9wxwqjfl,2025-10-16T16:42:24.862Z,XAUUSD,PUT,10,0,PENDING,0,Baseline,1
Tatd76hgb,2025-10-16T16:43:36.095Z,XAUUSD,CALL,10,0,PENDING,0,Baseline,1
Tt8ofongi,2025-10-16T16:44:36.101Z,EURUSD,PUT,10,0,PENDING,0,Baseline,1
T37ytfgs3,2025-10-16T16:46:13.490Z,XAUUSD,PUT,10,0,PENDING,0,Baseline,1
Tdaxsdtqe,2025-10-16T16:47:13.505Z,XAUUSD,PUT,10,0,PENDING,0,Baseline,1
Tjyvwyzm1,2025-10-16T16:49:05.688Z,XAUUSD,PUT,10,0,PENDING,0,Baseline,1
Tlzvdp3j5,2025-10-16T16:50:05.693Z,XAUUSD,PUT,10,0,PENDING,0,Baseline,1
T0o931mbr,2025-10-16T16:51:39.631Z,XAUUSD,PUT,10,0,PENDING,0,Baseline,1
T4qq5i0fb,2025-10-16T16:52:39.645Z,EURUSD,CALL,10,0,PENDING,0,Baseline,1
T5225brms,2025-10-16T16:53:39.660Z,XAUUSD,PUT,10,0,PENDING,0,Baseline,1
To7q35so8,2025-10-16T16:54:39.661Z,XAUUSD,CALL,10,0,PENDING,0,Baseline,1
Twhxsm4je,2025-10-16T16:55:39.663Z,EURUSD,PUT,10,0,PENDING,0,Baseline,1
Teljoub79,2025-10-16T16:56:39.675Z,EURUSD,CALL,10,0,PENDING,0,Baseline,1
Td5l6fhsb,2025-10-16T16:57:39.690Z,XAUUSD,PUT,10,0,PENDING,0,Baseline,1
To8dwwqjb,2025-10-16T16:58:39.692Z,EURUSD,CALL,10,0,PENDING,0,Baseline,1
Ts7hstl3z,2025-10-16T16:59:39.706Z,EURUSD,CALL,10,0,PENDING,0,Baseline,1
T0hhhfuns,2025-10-16T17:00:39.709Z,EURUSD,CALL,10,0,PENDING,0,Baseline,1
Tel5mdbxq,2025-10-16T17:01:39.724Z,EURUSD,PUT,10,0,PENDING,0,Baseline,1
Tj6xbqaxq,2025-10-16T17:02:39.740Z,XAUUSD,PUT,10,0,PENDING,0,Baseline,1
Tturn9jw3,2025-10-16T17:03:39.745Z,EURUSD,PUT,10,0,PENDING,0,Baseline,1
T6w2tiaye,2025-10-16T17:04:39.754Z,XAUUSD,CALL,10,0,PENDING,0,Baseline,1
Tzm5n6m5s,2025-10-16T17:05:39.756Z,XAUUSD,PUT,10,0,PENDING,0,Baseline,1
T757eypk8,2025-10-16T17:06:39.772Z,EURUSD,PUT,10,0,PENDING,0,Baseline,1
Teebze7fs,2025-10-16T17:07:39.773Z,EURUSD,CALL,10,0,PENDING,0,Baseline,1
T4zahkh6e,2025-10-16T17:08:39.781Z,EURUSD,CALL,10,0,PENDING,0,Baseline,1
Tcvv2grjf,2025-10-16T17:09:39.785Z,XAUUSD,CALL,10,0,PENDING,0,Baseline,1
Tr0nt403g,2025-10-16T17:10:39.789Z,XAUUSD,CALL,10,0,PENDING,0,Baseline,1
T7s4n09ib,2025-10-16T17:11:39.826Z,EURUSD,CALL,10,0,PENDING,0,Baseline,1
Tnxmujr6r,2025-10-16T17:12:39.836Z,XAUUSD,CALL,10,0,PENDING,0,Baseline,1
Ty5p6rv5n,2025-10-16T17:13:39.837Z,XAUUSD,CALL,10,0,PENDING,0,Baseline,1
T6cnoq7iy,2025-10-16T17:14:39.839Z,EURUSD,CALL,10,0,PENDING,0,Baseline,1
Tnyooaxkr,2025-10-16T17:15:39.851Z,XAUUSD,CALL,10,0,PENDING,0,Baseline,1
Tubbzhu5l,2025-10-16T17:16:39.866Z,EURUSD,PUT,10,0,PENDING,0,Baseline,1
Tv30z8mgn,2025-10-16T17:17:39.881Z,EURUSD,CALL,10,0,PENDING,0,Baseline,1
Txa39nvgh,2025-10-16T17:18:39.894Z,EURUSD,CALL,10,0,PENDING,0,Baseline,1
T9hep4w3y,2025-10-16T18:17:08.092Z,EURUSD,PUT,10,0,PENDING,0,Baseline,1
Tayan4oac,2025-10-16T18:18:08.096Z,EURUSD,CALL,10,0,PENDING,0,Baseline,1
Tqggikq17,2025-10-16T18:19:08.099Z,XAUUSD,PUT,10,0,PENDING,0,Baseline,1
Te7kqp9bz,2025-10-16T18:20:08.100Z,XAUUSD,CALL,10,0,PENDING,0,Baseline,1
Tmh1vo4ec,2025-10-16T18:21:08.115Z,EURUSD,CALL,10,0,PENDING,0,Baseline,1
Ti5kwure5,2025-10-16T18:22:08.130Z,XAUUSD,PUT,10,0,PENDING,0,Baseline,1
T4mijnch9,2025-10-16T18:23:08.145Z,EURUSD,PUT,10,0,PENDING,0,Baseline,1
Tjh8j1v8w,2025-10-16T18:24:08.145Z,EURUSD,CALL,10,0,PENDING,0,Baseline,1
Ts31vdahk,2025-10-16T18:25:08.146Z,XAUUSD,PUT,10,0,PENDING,0,Baseline,1
Tfo6ybnsc,2025-10-16T18:26:08.162Z,EURUSD,PUT,10,0,PENDING,0,Baseline,1
Ts7i229ce,2025-10-16T18:27:08.177Z,XAUUSD,PUT,10,0,PENDING,0,Baseline,1
T74yaieq3,2025-10-16T18:28:08.178Z,EURUSD,CALL,10,0,PENDING,0,Baseline,1
Trbmxnjop,2025-10-16T18:29:08.194Z,XAUUSD,PUT,10,0,PENDING,0,Baseline,1
Txf3gtme3,2025-10-16T18:30:08.204Z,EURUSD,PUT,10,0,PENDING,0,Baseline,1
Tczxpaagg,2025-10-16T18:31:08.208Z,XAUUSD,PUT,10,0,PENDING,0,Baseline,1
Tl8le9cek,2025-10-16T18:32:08.229Z,EURUSD,CALL,10,0,PENDING,0,Baseline,1
Ta7pfe13b,2025-10-16T18:33:08.239Z,EURUSD,PUT,10,0,PENDING,0,Baseline,1
Tuungoaq0,2025-10-16T18:34:08.255Z,EURUSD,CALL,10,0,PENDING,0,Baseline,1
Tx3tf09cs,2025-10-16T18:35:08.271Z,EURUSD,PUT,10,0,PENDING,0,Baseline,1
Trxcty85b,2025-10-16T18:36:08.285Z,EURUSD,CALL,10,0,PENDING,0,Baseline,1
T2vihr512,2025-10-16T18:37:08.291Z,XAUUSD,PUT,10,0,PENDING,0,Baseline,1
Tazeqi4tb,2025-10-16T18:38:08.304Z,XAUUSD,CALL,10,0,PENDING,0,Baseline,1
Tqswp0g9t,2025-10-16T18:39:08.308Z,XAUUSD,PUT,10,0,PENDING,0,Baseline,1
Tb8zfbqv2,2025-10-16T18:40:08.309Z,XAUUSD,CALL,10,0,PENDING,0,Baseline,1
T6yl9g1dj,2025-10-16T18:41:08.317Z,EURUSD,PUT,10,0,PENDING,0,Baseline,1
Tqcr1rrrr,2025-10-16T18:42:08.331Z,XAUUSD,PUT,10,0,PENDING,0,Baseline,1
Tsbg7etpq,2025-10-16T18:43:08.339Z,XAUUSD,CALL,10,0,PENDING,0,Baseline,1
Tg7va9boo,2025-10-16T18:44:08.339Z,EURUSD,PUT,10,0,PENDING,0,Baseline,1
Tia2qdi44,2025-10-16T18:45:08.349Z,XAUUSD,PUT,10,0,PENDING,0,Baseline,1
Tynws3y0e,2025-10-16T18:46:08.364Z,XAUUSD,CALL,10,0,PENDING,0,Baseline,1
Tw0ppo65h,2025-10-16T18:47:08.373Z,XAUUSD,CALL,10,0,PENDING,0,Baseline,1
Tan6gdlrl,2025-10-16T18:48:08.380Z,XAUUSD,CALL,10,0,PENDING,0,Baseline,1
Tbrq766at,2025-10-16T18:49:08.394Z,XAUUSD,PUT,10,0,PENDING,0,Baseline,1
Tnf1tuyrp,2025-10-16T18:50:08.396Z,XAUUSD,PUT,10,0,PENDING,0,Baseline,1
T1vywy3yv,2025-10-16T18:51:08.411Z,XAUUSD,CALL,10,0,PENDING,0,Baseline,1
T598ykup7,2025-10-16T18:52:08.411Z,EURUSD,CALL,10,0,PENDING,0,Baseline,1
T7pxb9oms,2025-10-16T18:53:08.426Z,XAUUSD,PUT,10,0,PENDING,0,Baseline,1
Tju5s1698,2025-10-16T18:54:08.442Z,XAUUSD,PUT,10,0,PENDING,0,Baseline,1
T934drccw,2025-10-16T18:55:08.442Z,EURUSD,CALL,10,0,PENDING,0,Baseline,1
Tjno6vnc6,2025-10-16T18:56:08.448Z,XAUUSD,PUT,10,0,PENDING,0,Baseline,1
Tyf7y958a,2025-10-16T18:57:08.458Z,XAUUSD,PUT,10,0,PENDING,0,Baseline,1
Tukruyndb,2025-10-16T18:58:08.474Z,EURUSD,PUT,10,0,PENDING,0,Baseline,1
Tg4r0knho,2025-10-16T18:59:08.478Z,XAUUSD,CALL,10,0,PENDING,0,Baseline,1
T2qn6qgph,2025-10-16T19:00:08.486Z,XAUUSD,CALL,10,0,PENDING,0,Baseline,1
Toobafndr,2025-10-16T19:01:08.494Z,XAUUSD,PUT,10,0,PENDING,0,Baseline,1
Tzl7l8e2i,2025-10-16T19:02:08.497Z,XAUUSD,CALL,10,0,PENDING,0,Baseline,1
Tnvgnap7s,2025-10-16T19:03:08.505Z,EURUSD,CALL,10,0,PENDING,0,Baseline,1
Tovv2oq7m,2025-10-16T19:04:08.521Z,EURUSD,CALL,10,0,PENDING,0,Baseline,1
T0xtk286m,2025-10-16T19:05:08.525Z,EURUSD,CALL,10,0,PENDING,0,Baseline,1
Tq1bc4118,2025-10-16T19:06:08.551Z,XAUUSD,CALL,10,0,PENDING,0,Baseline,1
Ttqt4469d,2025-10-16T19:07:08.561Z,EURUSD,PUT,10,0,PENDING,0,Baseline,1
Tyo2t2mno,2025-10-16T19:08:08.568Z,XAUUSD,PUT,10,0,PENDING,0,Baseline,1
Tr92dtx3g,2025-10-16T19:09:08.578Z,XAUUSD,PUT,10,0,PENDING,0,Baseline,1
Trw2xhdha,2025-10-16T19:10:08.593Z,XAUUSD,CALL,10,0,PENDING,0,Baseline,1
Tzqdcbhxo,2025-10-16T19:11:08.608Z,XAUUSD,CALL,10,0,PENDING,0,Baseline,1
Torlcz21w,2025-10-16T19:12:08.611Z,EURUSD,CALL,10,0,PENDING,0,Baseline,1
Tmnq25j2c,2025-10-16T19:13:08.627Z,EURUSD,CALL,10,0,PENDING,0,Baseline,1
Tl87ldhw6,2025-10-16T19:14:08.628Z,EURUSD,CALL,10,0,PENDING,0,Baseline,1
Teqeuzrv7,2025-10-16T19:15:08.641Z,EURUSD,CALL,10,0,PENDING,0,Baseline,1
Te7nufknt,2025-10-16T19:16:08.641Z,XAUUSD,CALL,10,0,PENDING,0,Baseline,1
Ttshp9jjd,2025-10-16T19:17:08.657Z,EURUSD,CALL,10,0,PENDING,0,Baseline,1
Tt9qlcyta,2025-10-16T19:18:08.658Z,XAUUSD,CALL,10,0,PENDING,0,Baseline,1
Tf6r3how2,2025-10-16T19:19:08.661Z,XAUUSD,CALL,10,0,PENDING,0,Baseline,1
Tbrcfeib1,2025-10-16T19:20:08.671Z,XAUUSD,PUT,10,0,PENDING,0,Baseline,1
T64q1niv9,2025-10-16T19:21:08.672Z,XAUUSD,PUT,10,0,PENDING,0,Baseline,1
Tobfx0wdy,2025-10-16T19:22:08.673Z,EURUSD,PUT,10,0,PENDING,0,Baseline,1
Tkt1mx0hc,2025-10-16T19:23:08.686Z,XAUUSD,PUT,10,0,PENDING,0,Baseline,1
Tkx2jx3k5,2025-10-16T19:24:08.689Z,XAUUSD,PUT,10,0,PENDING,0,Baseline,1
Tj6unck8w,2025-10-16T19:25:08.704Z,XAUUSD,CALL,10,0,PENDING,0,Baseline,1
T8ozf4g3h,2025-10-16T19:26:08.708Z,EURUSD,CALL,10,0,PENDING,0,Baseline,1
Tilh8u2ik,2025-10-16T19:27:08.717Z,EURUSD,CALL,10,0,PENDING,0,Baseline,1
Tq64g4qvm,2025-10-16T19:28:08.719Z,XAUUSD,CALL,10,0,PENDING,0,Baseline,1
T93w6la0s,2025-10-16T19:29:08.720Z,EURUSD,PUT,10,0,PENDING,0,Baseline,1
Tils0byut,2025-10-16T19:30:08.733Z,EURUSD,PUT,10,0,PENDING,0,Baseline,1
Tgiaz1ueq,2025-10-16T19:31:08.734Z,EURUSD,CALL,10,0,PENDING,0,Baseline,1
Tdebs61fn,2025-10-16T19:32:08.739Z,EURUSD,CALL,10,0,PENDING,0,Baseline,1
Tbi12p210,2025-10-16T19:33:08.749Z,XAUUSD,CALL,10,0,PENDING,0,Baseline,1
Td75clpwr,2025-10-16T19:34:08.752Z,XAUUSD,CALL,10,0,PENDING,0,Baseline,1
Tbyjh7bz7,2025-10-16T19:35:08.766Z,XAUUSD,CALL,10,0,PENDING,0,Baseline,1
Toxo7wcpc,2025-10-16T19:36:08.767Z,EURUSD,CALL,10,0,PENDING,0,Baseline,1
T580ikruk,2025-10-16T19:37:08.774Z,XAUUSD,PUT,10,0,PENDING,0,Baseline,1
Tp16nx1m8,2025-10-16T19:38:08.778Z,XAUUSD,CALL,10,0,PENDING,0,Baseline,1
T8iiu6rjl,2025-10-16T19:39:08.780Z,EURUSD,PUT,10,0,PENDING,0,Baseline,1
Trac4631f,2025-10-16T19:40:08.781Z,XAUUSD,CALL,10,0,PENDING,0,Baseline,1
Tsk1y6efi,2025-10-16T19:41:08.782Z,XAUUSD,PUT,10,0,PENDING,0,Baseline,1
T3h8kh76c,2025-10-16T19:42:08.789Z,XAUUSD,CALL,10,0,PENDING,0,Baseline,1
T34khp75v,2025-10-16T19:43:08.796Z,XAUUSD,PUT,10,0,PENDING,0,Baseline,1
Ttvf2jh3x,2025-10-16T19:44:08.797Z,XAUUSD,PUT,10,0,PENDING,0,Baseline,1
T1mk8cxql,2025-10-16T19:45:08.811Z,XAUUSD,CALL,10,0,PENDING,0,Baseline,1
T4s07tomt,2025-10-16T19:46:08.815Z,XAUUSD,PUT,10,0,PENDING,0,Baseline,1
T0ddgdpcd,2025-10-16T19:47:08.815Z,EURUSD,PUT,10,0,PENDING,0,Baseline,1
Ta80uu2cv,2025-10-16T19:48:08.819Z,XAUUSD,CALL,10,0,PENDING,0,Baseline,1
Tjlhrl9tp,2025-10-16T19:49:08.828Z,XAUUSD,PUT,10,0,PENDING,0,Baseline,1
Tqkcxmx80,2025-10-16T19:50:08.833Z,XAUUSD,PUT,10,0,PENDING,0,Baseline,1
Td1c1q1ju,2025-10-16T19:51:08.843Z,EURUSD,PUT,10,0,PENDING,0,Baseline,1
Tko9ymc6z,2025-10-16T19:52:08.858Z,EURUSD,PUT,10,0,PENDING,0,Baseline,1
Ts3rgj1hf,2025-10-16T19:53:08.874Z,EURUSD,PUT,10,0,PENDING,0,Baseline,1
T1132vh2b,2025-10-16T19:54:08.889Z,EURUSD,CALL,10,0,PENDING,0,Baseline,1
Tdpr39a6i,2025-10-16T19:55:08.890Z,EURUSD,CALL,10,0,PENDING,0,Baseline,1
T2voe8czp,2025-10-16T19:56:08.905Z,XAUUSD,CALL,10,0,PENDING,0,Baseline,1
Tu4qz6fn2,2025-10-16T19:57:08.911Z,XAUUSD,PUT,10,0,PENDING,0,Baseline,1
Tz0jyfmfv,2025-10-16T19:58:08.922Z,XAUUSD,PUT,10,0,PENDING,0,Baseline,1
T7u9h0fgu,2025-10-16T19:59:08.935Z,XAUUSD,CALL,10,0,PENDING,0,Baseline,1
Tj7wpmzge,2025-10-16T20:00:08.942Z,XAUUSD,CALL,10,0,PENDING,0,Baseline,1
T1vras78w,2025-10-16T20:01:08.951Z,EURUSD,PUT,10,0,PENDING,0,Baseline,1
T7bk7e6fi,2025-10-16T20:02:08.965Z,EURUSD,CALL,10,0,PENDING,0,Baseline,1
T6ho6drtp,2025-10-16T20:03:08.974Z,XAUUSD,PUT,10,0,PENDING,0,Baseline,1
Tdvma01lu,2025-10-16T20:04:08.988Z,EURUSD,CALL,10,0,PENDING,0,Baseline,1
Totc4talj,2025-10-16T20:05:08.989Z,XAUUSD,PUT,10,0,PENDING,0,Baseline,1
T7p5hwf0b,2025-10-16T20:06:09.005Z,EURUSD,PUT,10,0,PENDING,0,Baseline,1
T6hhu1e8e,2025-10-16T20:07:09.021Z,EURUSD,PUT,10,0,PENDING,0,Baseline,1
T2j102cla,2025-10-16T20:08:09.035Z,XAUUSD,CALL,10,0,PENDING,0,Baseline,1
Tr74rtow6,2025-10-16T20:09:09.049Z,EURUSD,CALL,10,0,PENDING,0,Baseline,1
Tsny28v8w,2025-10-16T20:10:09.067Z,EURUSD,PUT,10,0,PENDING,0,Baseline,1
Td54dfz14,2025-10-16T20:11:09.081Z,XAUUSD,CALL,10,0,PENDING,0,Baseline,1
Tg268wt07,2025-10-16T20:12:09.083Z,XAUUSD,PUT,10,0,PENDING,0,Baseline,1
Tahwy37bh,2025-10-16T20:13:09.098Z,XAUUSD,CALL,10,0,PENDING,0,Baseline,1
Tnbr37o48,2025-10-16T20:14:09.114Z,XAUUSD,CALL,10,0,PENDING,0,Baseline,1
Tuucrvlqo,2025-10-16T20:15:09.126Z,EURUSD,PUT,10,0,PENDING,0,Baseline,1
Tkq2lxvt7,2025-10-16T20:16:09.130Z,EURUSD,PUT,10,0,PENDING,0,Baseline,1
T6xqmy30f,2025-10-16T20:17:09.147Z,EURUSD,CALL,10,0,PENDING,0,Baseline,1
Trpdlkqcj,2025-10-16T20:18:09.161Z,EURUSD,PUT,10,0,PENDING,0,Baseline,1
T6nrjucdy,2025-10-16T20:19:09.170Z,EURUSD,CALL,10,0,PENDING,0,Baseline,1
T6m35rux4,2025-10-16T20:20:09.174Z,EURUSD,PUT,10,0,PENDING,0,Baseline,1
Tw9kyhvp0,2025-10-16T20:21:09.185Z,EURUSD,PUT,10,0,PENDING,0,Baseline,1
Tba86bb89,2025-10-16T20:22:09.193Z,EURUSD,CALL,10,0,PENDING,0,Baseline,1
T0il7pr3v,2025-10-16T20:23:09.207Z,XAUUSD,PUT,10,0,PENDING,0,Baseline,1
Tgazhu7u3,2025-10-16T20:24:09.208Z,EURUSD,PUT,10,0,PENDING,0,Baseline,1
T7k2ejiv2,2025-10-16T20:25:09.224Z,XAUUSD,CALL,10,0,PENDING,0,Baseline,1
T5433rdv6,2025-10-16T20:26:09.239Z,EURUSD,CALL,10,0,PENDING,0,Baseline,1
Tfufhw1zy,2025-10-16T20:27:09.255Z,XAUUSD,PUT,10,0,PENDING,0,Baseline,1
T1lp7teye,2025-10-16T20:28:09.260Z,XAUUSD,PUT,10,0,PENDING,0,Baseline,1
T6aj2e5hb,2025-10-16T20:29:09.270Z,EURUSD,CALL,10,0,PENDING,0,Baseline,1
Tta98twpb,2025-10-16T20:30:09.270Z,XAUUSD,PUT,10,0,PENDING,0,Baseline,1
Tiwi6eqmh,2025-10-16T20:31:09.271Z,EURUSD,PUT,10,0,PENDING,0,Baseline,1
Tsqeeqdee,2025-10-16T20:32:09.279Z,XAUUSD,CALL,10,0,PENDING,0,Baseline,1
To25z2piv,2025-10-16T20:33:09.284Z,EURUSD,PUT,10,0,PENDING,0,Baseline,1
Tw9ljud4e,2025-10-16T20:34:09.285Z,XAUUSD,CALL,10,0,PENDING,0,Baseline,1
Twgzvoqpl,2025-10-16T20:35:09.286Z,EURUSD,CALL,10,0,PENDING,0,Baseline,1
Tsz8lailp,2025-10-16T20:36:09.302Z,EURUSD,PUT,10,0,PENDING,0,Baseline,1
Tjydyezz0,2025-10-16T20:37:09.303Z,EURUSD,PUT,10,0,PENDING,0,Baseline,1
Tknpeuxrg,2025-10-16T20:38:09.302Z,EURUSD,CALL,10,0,PENDING,0,Baseline,1
Tsi6ys6yb,2025-10-16T20:39:09.318Z,EURUSD,CALL,10,0,PENDING,0,Baseline,1
T22ol17qj,2025-10-16T20:40:09.341Z,EURUSD,PUT,10,0,PENDING,0,Baseline,1
Tf2pkfjou,2025-10-16T20:41:09.348Z,EURUSD,PUT,10,0,PENDING,0,Baseline,1
Tx3bri9v9,2025-10-16T20:42:09.349Z,EURUSD,CALL,10,0,PENDING,0,Baseline,1
Txx17iabq,2025-10-16T20:43:09.363Z,XAUUSD,PUT,10,0,PENDING,0,Baseline,1
Tty3zgsh7,2025-10-16T20:44:09.380Z,EURUSD,CALL,10,0,PENDING,0,Baseline,1
Tosc59s64,2025-10-16T20:45:09.387Z,EURUSD,PUT,10,0,PENDING,0,Baseline,1
Trfqpca6i,2025-10-16T20:46:09.396Z,EURUSD,CALL,10,0,PENDING,0,Baseline,1
T36ei3smg,2025-10-16T20:47:09.411Z,EURUSD,CALL,10,0,PENDING,0,Baseline,1
Tmfgfc93d,2025-10-16T20:48:09.411Z,EURUSD,CALL,10,0,PENDING,0,Baseline,1
T0aukyutn,2025-10-16T20:49:09.427Z,EURUSD,PUT,10,0,PENDING,0,Baseline,1
Tz5xn4skf,2025-10-16T20:50:09.437Z,XAUUSD,CALL,10,0,PENDING,0,Baseline,1
T2i7xns20,2025-10-16T20:51:09.443Z,XAUUSD,PUT,10,0,PENDING,0,Baseline,1
Tki8ulywh,2025-10-16T20:52:09.458Z,EURUSD,PUT,10,0,PENDING,0,Baseline,1
Tttdiukq0,2025-10-16T20:53:09.473Z,EURUSD,PUT,10,0,PENDING,0,Baseline,1
T12jx7fgz,2025-10-16T20:54:09.489Z,XAUUSD,PUT,10,0,PENDING,0,Baseline,1
Twpxl9irn,2025-10-16T20:55:09.505Z,EURUSD,PUT,10,0,PENDING,0,Baseline,1
T7kgr8ozu,2025-10-16T20:56:09.505Z,EURUSD,PUT,10,0,PENDING,0,Baseline,1
Tw03637a3,2025-10-16T20:57:09.492Z,EURUSD,PUT,10,0,PENDING,0,Baseline,1
Tm81dp10z,2025-10-16T20:58:09.518Z,EURUSD,CALL,10,0,PENDING,0,Baseline,1
T0pjzg5qf,2025-10-16T20:59:09.521Z,XAUUSD,CALL,10,0,PENDING,0,Baseline,1
T1tgs9ww3,2025-10-16T21:00:09.520Z,XAUUSD,CALL,10,0,PENDING,0,Baseline,1
Tl6fvzipr,2025-10-16T21:01:09.521Z,EURUSD,PUT,10,0,PENDING,0,Baseline,1
Tkq4rneie,2025-10-16T21:02:09.536Z,EURUSD,PUT,10,0,PENDING,0,Baseline,1
Trab7mmtz,2025-10-16T21:03:09.552Z,EURUSD,PUT,10,0,PENDING,0,Baseline,1
Ttgmk8ym5,2025-10-16T21:04:09.583Z,EURUSD,CALL,10,0,PENDING,0,Baseline,1
Txxcn9eah,2025-10-16T21:05:09.599Z,XAUUSD,PUT,10,0,PENDING,0,Baseline,1
Tjfrfzuw4,2025-10-16T21:06:09.611Z,XAUUSD,CALL,10,0,PENDING,0,Baseline,1
Tngjl2f1w,2025-10-16T21:07:09.614Z,EURUSD,PUT,10,0,PENDING,0,Baseline,1
Tikwf2z9h,2025-10-16T21:08:09.629Z,EURUSD,PUT,10,0,PENDING,0,Baseline,1
Tdbv9j8m1,2025-10-16T21:09:09.642Z,EURUSD,CALL,10,0,PENDING,0,Baseline,1
Tq0mqs1zz,2025-10-16T21:10:09.633Z,XAUUSD,PUT,10,0,PENDING,0,Baseline,1
T6iusga22,2025-10-16T21:11:09.662Z,EURUSD,CALL,10,0,PENDING,0,Baseline,1
Tg11c92fa,2025-10-16T21:12:09.666Z,EURUSD,CALL,10,0,PENDING,0,Baseline,1
Thpcc8yoi,2025-10-16T21:13:09.677Z,XAUUSD,PUT,10,0,PENDING,0,Baseline,1
Txpl7prn1,2025-10-16T21:14:09.693Z,XAUUSD,CALL,10,0,PENDING,0,Baseline,1
Tcts0cngy,2025-10-16T21:15:09.708Z,XAUUSD,CALL,10,0,PENDING,0,Baseline,1
Tu0qcev3s,2025-10-16T21:16:09.717Z,XAUUSD,PUT,10,0,PENDING,0,Baseline,1
Thp4marbg,2025-10-16T21:17:09.724Z,EURUSD,CALL,10,0,PENDING,0,Baseline,1
T139sxxha,2025-10-16T21:18:09.739Z,EURUSD,PUT,10,0,PENDING,0,Baseline,1
Tdjuhpxkm,2025-10-16T21:19:09.755Z,EURUSD,PUT,10,0,PENDING,0,Baseline,1
T003hf7f8,2025-10-16T21:20:09.770Z,EURUSD,PUT,10,0,PENDING,0,Baseline,1
Tblxsyb4t,2025-10-16T21:21:09.771Z,EURUSD,PUT,10,0,PENDING,0,Baseline,1
Tecs58hjt,2025-10-16T21:22:09.786Z,XAUUSD,PUT,10,0,PENDING,0,Baseline,1
Tmmo4xy2u,2025-10-16T21:23:09.801Z,XAUUSD,PUT,10,0,PENDING,0,Baseline,1
Tvebv96li,2025-10-16T21:24:09.802Z,XAUUSD,CALL,10,0,PENDING,0,Baseline,1
Tw4mhlcdh,2025-10-16T21:25:09.818Z,EURUSD,CALL,10,0,PENDING,0,Baseline,1
Tkp757ix8,2025-10-16T21:26:09.833Z,EURUSD,CALL,10,0,PENDING,0,Baseline,1
Tp36iyjvx,2025-10-16T21:27:09.849Z,EURUSD,PUT,10,0,PENDING,0,Baseline,1
Tx9s16rj9,2025-10-16T21:28:09.851Z,XAUUSD,CALL,10,0,PENDING,0,Baseline,1
Tx6l7b0n7,2025-10-16T21:29:09.864Z,XAUUSD,PUT,10,0,PENDING,0,Baseline,1
Tg5pedxzp,2025-10-16T21:30:09.864Z,XAUUSD,PUT,10,0,PENDING,0,Baseline,1
Thmx7gnkq,2025-10-16T21:31:09.861Z,EURUSD,PUT,10,0,PENDING,0,Baseline,1
Tjyltibj2,2025-10-16T21:32:09.865Z,EURUSD,PUT,10,0,PENDING,0,Baseline,1
T550u7wi5,2025-10-16T21:33:09.880Z,EURUSD,PUT,10,0,PENDING,0,Baseline,1
Tco7g8o4j,2025-10-16T21:34:09.881Z,XAUUSD,PUT,10,0,PENDING,0,Baseline,1
Ta959u1g7,2025-10-16T21:35:09.896Z,XAUUSD,CALL,10,0,PENDING,0,Baseline,1
T8nnzep9l,2025-10-16T21:36:09.911Z,XAUUSD,CALL,10,0,PENDING,0,Baseline,1
T79p2dtx7,2025-10-16T21:37:09.912Z,EURUSD,PUT,10,0,PENDING,0,Baseline,1
Tqp00v1ux,2025-10-16T21:38:09.927Z,XAUUSD,CALL,10,0,PENDING,0,Baseline,1
Tqri5ti3j,2025-10-16T21:39:09.942Z,EURUSD,CALL,10,0,PENDING,0,Baseline,1
T3ait9ici,2025-10-16T21:40:09.942Z,XAUUSD,PUT,10,0,PENDING,0,Baseline,1
Ttcjshews,2025-10-16T21:41:09.942Z,EURUSD,CALL,10,0,PENDING,0,Baseline,1
Tar1xocvl,2025-10-16T21:42:09.955Z,XAUUSD,CALL,10,0,PENDING,0,Baseline,1
T6g2a5gyq,2025-10-16T21:43:09.957Z,EURUSD,CALL,10,0,PENDING,0,Baseline,1
Tzfjt88f0,2025-10-16T21:44:09.958Z,XAUUSD,PUT,10,0,PENDING,0,Baseline,1
Tl6e2nq53,2025-10-16T21:45:09.974Z,XAUUSD,PUT,10,0,PENDING,0,Baseline,1
T8n0e9xvl,2025-10-16T21:46:09.989Z,XAUUSD,CALL,10,0,PENDING,0,Baseline,1
T21nas4tm,2025-10-16T21:47:10.006Z,EURUSD,CALL,10,0,PENDING,0,Baseline,1
Tczz8cey3,2025-10-16T21:48:10.022Z,XAUUSD,PUT,10,0,PENDING,0,Baseline,1
Tqzxloreb,2025-10-16T21:49:10.036Z,EURUSD,CALL,10,0,PENDING,0,Baseline,1
Twbb6ukt5,2025-10-16T21:50:10.052Z,XAUUSD,CALL,10,0,PENDING,0,Baseline,1
Tccq22qx2,2025-10-16T21:51:10.056Z,EURUSD,PUT,10,0,PENDING,0,Baseline,1
Tb6mapuwp,2025-10-16T21:52:10.068Z,XAUUSD,PUT,10,0,PENDING,0,Baseline,1
Toyyzdv76,2025-10-16T21:53:10.083Z,XAUUSD,PUT,10,0,PENDING,0,Baseline,1
T0y0ox5t7,2025-10-16T21:54:10.099Z,XAUUSD,PUT,10,0,PENDING,0,Baseline,1
Typgn850y,2025-10-16T21:55:10.115Z,XAUUSD,PUT,10,0,PENDING,0,Baseline,1
T65vjal2z,2025-10-16T21:56:10.130Z,EURUSD,CALL,10,0,PENDING,0,Baseline,1
Th8cw4jb7,2025-10-16T21:57:10.131Z,EURUSD,CALL,10,0,PENDING,0,Baseline,1
Thazio4qj,2025-10-16T21:58:10.146Z,EURUSD,CALL,10,0,PENDING,0,Baseline,1
Tfl1lkxpb,2025-10-16T21:59:10.148Z,EURUSD,PUT,10,0,PENDING,0,Baseline,1
T6eamh17f,2025-10-16T22:00:10.177Z,XAUUSD,CALL,10,0,PENDING,0,Baseline,1
Tps9pgwfz,2025-10-16T22:01:10.192Z,XAUUSD,PUT,10,0,PENDING,0,Baseline,1
Te2hi56fx,2025-10-16T22:02:10.193Z,XAUUSD,CALL,10,0,PENDING,0,Baseline,1
T3uu33h4m,2025-10-16T22:03:10.205Z,XAUUSD,PUT,10,0,PENDING,0,Baseline,1
Tick6pb3q,2025-10-16T22:04:10.208Z,XAUUSD,CALL,10,0,PENDING,0,Baseline,1
Tffx5vpen,2025-10-16T22:05:10.224Z,EURUSD,CALL,10,0,PENDING,0,Baseline,1
Tb8x4lws8,2025-10-16T22:06:10.224Z,XAUUSD,CALL,10,0,PENDING,0,Baseline,1
Thnwfzmja,2025-10-16T22:07:10.240Z,EURUSD,CALL,10,0,PENDING,0,Baseline,1
Tpjx1kqr4,2025-10-16T22:08:10.257Z,EURUSD,PUT,10,0,PENDING,0,Baseline,1
Trs75893s,2025-10-16T22:09:10.259Z,EURUSD,CALL,10,0,PENDING,0,Baseline,1
T0din1r9p,2025-10-16T22:10:10.270Z,XAUUSD,CALL,10,0,PENDING,0,Baseline,1
T4jt787ol,2025-10-16T22:11:10.270Z,XAUUSD,PUT,10,0,PENDING,0,Baseline,1
Tku7u5nvi,2025-10-16T22:12:10.271Z,EURUSD,PUT,10,0,PENDING,0,Baseline,1
Tocodvtlg,2025-10-16T22:13:10.286Z,XAUUSD,PUT,10,0,PENDING,0,Baseline,1
Tvmswsh6u,2025-10-16T22:14:10.287Z,EURUSD,PUT,10,0,PENDING,0,Baseline,1
T51dbll9g,2025-10-16T22:15:10.302Z,EURUSD,CALL,10,0,PENDING,0,Baseline,1
Tmuq09ttx,2025-10-16T22:16:10.318Z,XAUUSD,CALL,10,0,PENDING,0,Baseline,1
Tf4qd185g,2025-10-16T22:17:10.333Z,EURUSD,PUT,10,0,PENDING,0,Baseline,1
Tvobjvcjd,2025-10-16T22:18:10.349Z,EURUSD,PUT,10,0,PENDING,0,Baseline,1
T9x1ogq9h,2025-10-16T22:19:10.363Z,EURUSD,PUT,10,0,PENDING,0,Baseline,1
Ttw64k3sz,2025-10-16T22:20:10.367Z,EURUSD,CALL,10,0,PENDING,0,Baseline,1
Tzz78485m,2025-10-16T22:21:10.381Z,XAUUSD,PUT,10,0,PENDING,0,Baseline,1
Tjq7l2d39,2025-10-16T22:22:10.395Z,XAUUSD,CALL,10,0,PENDING,0,Baseline,1
Tl9lshheq,2025-10-16T22:23:10.405Z,EURUSD,PUT,10,0,PENDING,0,Baseline,1
Tlukc8sx0,2025-10-16T22:24:10.412Z,XAUUSD,CALL,10,0,PENDING,0,Baseline,1
T01qnjxeg,2025-10-16T22:25:10.427Z,EURUSD,PUT,10,0,PENDING,0,Baseline,1
Tygwac8wp,2025-10-16T22:26:10.443Z,EURUSD,CALL,10,0,PENDING,0,Baseline,1
T5yq18orp,2025-10-16T22:27:10.459Z,EURUSD,PUT,10,0,PENDING,0,Baseline,1
Tm640h2u1,2025-10-16T22:28:10.472Z,XAUUSD,CALL,10,0,PENDING,0,Baseline,1
Tdmrvy3tw,2025-10-16T22:29:10.478Z,EURUSD,PUT,10,0,PENDING,0,Baseline,1
To5t339df,2025-10-16T22:30:10.489Z,XAUUSD,PUT,10,0,PENDING,0,Baseline,1
Taa9dpzov,2025-10-16T22:31:10.489Z,XAUUSD,CALL,10,0,PENDING,0,Baseline,1
Tad1jf5pp,2025-10-16T22:32:10.476Z,XAUUSD,CALL,10,0,PENDING,0,Baseline,1
T2s8kqhza,2025-10-16T22:33:10.505Z,EURUSD,PUT,10,0,PENDING,0,Baseline,1
Tev2rksfc,2025-10-16T22:34:10.505Z,EURUSD,CALL,10,0,PENDING,0,Baseline,1
T2qbdsklz,2025-10-16T22:35:10.508Z,EURUSD,CALL,10,0,PENDING,0,Baseline,1
Tlxnwg7af,2025-10-16T22:36:10.521Z,EURUSD,CALL,10,0,PENDING,0,Baseline,1
Tetejgulc,2025-10-16T22:37:10.533Z,XAUUSD,PUT,10,0,PENDING,0,Baseline,1
Try0er7vx,2025-10-16T22:38:10.536Z,XAUUSD,CALL,10,0,PENDING,0,Baseline,1
Tle2shkcp,2025-10-16T22:39:10.548Z,EURUSD,PUT,10,0,PENDING,0,Baseline,1
Tn6zhx263,2025-10-16T22:40:10.551Z,EURUSD,PUT,10,0,PENDING,0,Baseline,1
T5qgm087a,2025-10-16T22:41:10.552Z,EURUSD,PUT,10,0,PENDING,0,Baseline,1
Tbmur0wd0,2025-10-16T22:42:10.568Z,EURUSD,CALL,10,0,PENDING,0,Baseline,1
Tn07ullqj,2025-10-16T22:43:10.579Z,EURUSD,CALL,10,0,PENDING,0,Baseline,1
Tgdafoovl,2025-10-16T22:44:10.584Z,EURUSD,PUT,10,0,PENDING,0,Baseline,1
T8r50tx04,2025-10-16T22:45:10.599Z,XAUUSD,PUT,10,0,PENDING,0,Baseline,1
Tfnddbp3d,2025-10-16T22:46:10.615Z,EURUSD,PUT,10,0,PENDING,0,Baseline,1
Tb266n6gn,2025-10-16T22:47:10.645Z,EURUSD,PUT,10,0,PENDING,0,Baseline,1
Tgp92c22f,2025-10-16T22:48:10.653Z,EURUSD,CALL,10,0,PENDING,0,Baseline,1
Ty2zmvtld,2025-10-16T22:49:10.661Z,XAUUSD,PUT,10,0,PENDING,0,Baseline,1
T0koqqmkn,2025-10-16T22:50:10.662Z,EURUSD,PUT,10,0,PENDING,0,Baseline,1
T98jomxax,2025-10-16T22:51:10.676Z,XAUUSD,CALL,10,0,PENDING,0,Baseline,1
Tzwwutzos,2025-10-16T22:52:10.677Z,EURUSD,CALL,10,0,PENDING,0,Baseline,1
T04njcn73,2025-10-16T22:53:10.693Z,EURUSD,PUT,10,0,PENDING,0,Baseline,1
T1zzu0ydm,2025-10-16T22:54:10.706Z,XAUUSD,PUT,10,0,PENDING,0,Baseline,1
T5u9jkx9r,2025-10-16T22:55:10.708Z,EURUSD,CALL,10,0,PENDING,0,Baseline,1
Ti71df1y6,2025-10-16T22:56:10.723Z,EURUSD,PUT,10,0,PENDING,0,Baseline,1
Tx25pxx2h,2025-10-16T22:57:10.740Z,EURUSD,PUT,10,0,PENDING,0,Baseline,1
T9tx3yzci,2025-10-16T22:58:10.739Z,XAUUSD,PUT,10,0,PENDING,0,Baseline,1
Tp4n0rc2y,2025-10-16T22:59:10.740Z,XAUUSD,CALL,10,0,PENDING,0,Baseline,1
Tyw1fefdu,2025-10-16T23:00:10.763Z,EURUSD,CALL,10,0,PENDING,0,Baseline,1
Tuha21dwv,2025-10-16T23:01:10.770Z,EURUSD,PUT,10,0,PENDING,0,Baseline,1
T99vt4fm8,2025-10-16T23:02:10.770Z,EURUSD,CALL,10,0,PENDING,0,Baseline,1
Tfx0drmm8,2025-10-16T23:03:10.787Z,XAUUSD,CALL,10,0,PENDING,0,Baseline,1
T30yx43dm,2025-10-16T23:04:10.798Z,EURUSD,CALL,10,0,PENDING,0,Baseline,1
T19hjrwdd,2025-10-16T23:05:10.818Z,EURUSD,PUT,10,0,PENDING,0,Baseline,1
Tzb5b1vrt,2025-10-16T23:06:10.833Z,XAUUSD,CALL,10,0,PENDING,0,Baseline,1
T4gi5sr03,2025-10-16T23:07:10.846Z,XAUUSD,CALL,10,0,PENDING,0,Baseline,1
T65y0bg8k,2025-10-16T23:08:10.847Z,EURUSD,PUT,10,0,PENDING,0,Baseline,1
T9cgq4qod,2025-10-16T23:09:10.848Z,EURUSD,CALL,10,0,PENDING,0,Baseline,1
Ts2osvzr8,2025-10-16T23:10:10.864Z,XAUUSD,CALL,10,0,PENDING,0,Baseline,1
Tcrfnqri2,2025-10-16T23:11:10.879Z,XAUUSD,CALL,10,0,PENDING,0,Baseline,1
Tbuzcadur,2025-10-16T23:12:10.895Z,XAUUSD,PUT,10,0,PENDING,0,Baseline,1
Tk8n0knuk,2025-10-16T23:13:10.909Z,XAUUSD,PUT,10,0,PENDING,0,Baseline,1
T90bds7uk,2025-10-16T23:14:10.910Z,XAUUSD,CALL,10,0,PENDING,0,Baseline,1
Tgdhkm91b,2025-10-16T23:15:10.927Z,EURUSD,PUT,10,0,PENDING,0,Baseline,1
Twvpku42f,2025-10-16T23:16:10.942Z,EURUSD,CALL,10,0,PENDING,0,Baseline,1
Tw22jfpkk,2025-10-16T23:17:10.958Z,EURUSD,PUT,10,0,PENDING,0,Baseline,1
Tvnbmkbj4,2025-10-16T23:18:10.974Z,XAUUSD,CALL,10,0,PENDING,0,Baseline,1
Ttp5s6piz,2025-10-16T23:19:10.976Z,XAUUSD,CALL,10,0,PENDING,0,Baseline,1
T444yrvt5,2025-10-16T23:20:10.989Z,EURUSD,PUT,10,0,PENDING,0,Baseline,1
Tt23ox2bh,2025-10-16T23:21:10.991Z,EURUSD,CALL,10,0,PENDING,0,Baseline,1
T10djxspb,2025-10-16T23:22:11.005Z,XAUUSD,CALL,10,0,PENDING,0,Baseline,1
T9h5nzkg4,2025-10-16T23:23:11.006Z,EURUSD,PUT,10,0,PENDING,0,Baseline,1
Tnpnx0dne,2025-10-16T23:24:11.020Z,EURUSD,CALL,10,0,PENDING,0,Baseline,1
T877ivnck,2025-10-16T23:25:11.036Z,EURUSD,CALL,10,0,PENDING,0,Baseline,1
Tzn2c6gqx,2025-10-16T23:26:11.052Z,XAUUSD,PUT,10,0,PENDING,0,Baseline,1
T1z0jd0rl,2025-10-16T23:27:11.056Z,EURUSD,PUT,10,0,PENDING,0,Baseline,1
Ta9akr4tk,2025-10-16T23:28:11.067Z,XAUUSD,CALL,10,0,PENDING,0,Baseline,1
Tsq2ygegc,2025-10-16T23:29:11.083Z,XAUUSD,CALL,10,0,PENDING,0,Baseline,1
Twbq04e7j,2025-10-16T23:30:11.099Z,XAUUSD,CALL,10,0,PENDING,0,Baseline,1
Thxqsdb6p,2025-10-16T23:31:11.111Z,EURUSD,CALL,10,0,PENDING,0,Baseline,1
Taajllm83,2025-10-16T23:32:11.131Z,XAUUSD,CALL,10,0,PENDING,0,Baseline,1
T0xbzrf30,2025-10-16T23:33:11.145Z,XAUUSD,CALL,10,0,PENDING,0,Baseline,1
Twonv3c1k,2025-10-16T23:34:11.162Z,XAUUSD,PUT,10,0,PENDING,0,Baseline,1
Tmjlb6s9f,2025-10-16T23:35:11.176Z,XAUUSD,PUT,10,0,PENDING,0,Baseline,1
Tvqbti83a,2025-10-16T23:36:11.192Z,XAUUSD,CALL,10,0,PENDING,0,Baseline,1
T5wqf8rqv,2025-10-16T23:37:11.195Z,EURUSD,CALL,10,0,PENDING,0,Baseline,1
Tq514tkyb,2025-10-16T23:38:11.207Z,EURUSD,PUT,10,0,PENDING,0,Baseline,1
Tza1gqiu1,2025-10-16T23:39:11.224Z,EURUSD,CALL,10,0,PENDING,0,Baseline,1
T11kpdlx0,2025-10-16T23:40:11.239Z,EURUSD,PUT,10,0,PENDING,0,Baseline,1
Tgph1as3s,2025-10-16T23:41:11.242Z,EURUSD,CALL,10,0,PENDING,0,Baseline,1
T00d4mdyi,2025-10-16T23:42:11.255Z,XAUUSD,PUT,10,0,PENDING,0,Baseline,1
T9hdouhzc,2025-10-16T23:43:11.265Z,XAUUSD,PUT,10,0,PENDING,0,Baseline,1
Tiyj9mvns,2025-10-16T23:44:11.271Z,XAUUSD,PUT,10,0,PENDING,0,Baseline,1
Tdi6cl53v,2025-10-16T23:45:11.303Z,XAUUSD,CALL,10,0,PENDING,0,Baseline,1
Tdcf0kzxp,2025-10-16T23:46:11.317Z,XAUUSD,CALL,10,0,PENDING,0,Baseline,1
Tf92xh078,2025-10-16T23:47:11.318Z,XAUUSD,CALL,10,0,PENDING,0,Baseline,1
Teu3z71ik,2025-10-16T23:48:11.330Z,XAUUSD,CALL,10,0,PENDING,0,Baseline,1
Tfcs2w9c5,2025-10-16T23:49:11.343Z,XAUUSD,CALL,10,0,PENDING,0,Baseline,1
Taw8fzxh3,2025-10-16T23:50:11.350Z,EURUSD,PUT,10,0,PENDING,0,Baseline,1
Th3vci7tl,2025-10-16T23:51:11.359Z,EURUSD,CALL,10,0,PENDING,0,Baseline,1
Tllospdx5,2025-10-16T23:52:11.380Z,XAUUSD,PUT,10,0,PENDING,0,Baseline,1
Txml05m6l,2025-10-16T23:53:11.391Z,EURUSD,CALL,10,0,PENDING,0,Baseline,1
Tmz1xw8bi,2025-10-16T23:54:11.393Z,EURUSD,CALL,10,0,PENDING,0,Baseline,1
Txk8n1nj4,2025-10-16T23:55:11.396Z,EURUSD,PUT,10,0,PENDING,0,Baseline,1
Tiz2l82pi,2025-10-16T23:56:11.411Z,EURUSD,CALL,10,0,PENDING,0,Baseline,1
To1tp5iwp,2025-10-16T23:57:11.426Z,EURUSD,CALL,10,0,PENDING,0,Baseline,1
Tzmbqrx8w,2025-10-16T23:58:11.427Z,XAUUSD,CALL,10,0,PENDING,0,Baseline,1
Tug2xvvcf,2025-10-16T23:59:11.428Z,EURUSD,CALL,10,0,PENDING,0,Baseline,1
Tutfxi3lj,2025-10-17T00:00:11.443Z,EURUSD,PUT,10,0,PENDING,0,Baseline,1
T431z6f33,2025-10-17T00:01:11.451Z,XAUUSD,PUT,10,0,PENDING,0,Baseline,1
Ti45mbwep,2025-10-17T00:02:11.459Z,XAUUSD,CALL,10,0,PENDING,0,Baseline,1
Tabd703wg,2025-10-17T00:03:11.467Z,EURUSD,PUT,10,0,PENDING,0,Baseline,1
T67igw7nj,2025-10-17T00:04:11.490Z,EURUSD,CALL,10,0,PENDING,0,Baseline,1
Tcb2g31yp,2025-10-17T00:05:11.505Z,EURUSD,CALL,10,0,PENDING,0,Baseline,1
T48axpf9v,2025-10-17T00:06:11.505Z,EURUSD,PUT,10,0,PENDING,0,Baseline,1
Tptwogypj,2025-10-17T00:07:11.506Z,EURUSD,PUT,10,0,PENDING,0,Baseline,1
Tm1wfpjd0,2025-10-17T00:08:11.521Z,EURUSD,CALL,10,0,PENDING,0,Baseline,1
Tet7fus4x,2025-10-17T00:09:11.523Z,XAUUSD,CALL,10,0,PENDING,0,Baseline,1
Tiny6p2dt,2025-10-17T00:10:11.535Z,XAUUSD,PUT,10,0,PENDING,0,Baseline,1
Tosntpa8g,2025-10-17T00:11:11.536Z,EURUSD,CALL,10,0,PENDING,0,Baseline,1
T3rahf0q3,2025-10-17T00:12:11.534Z,EURUSD,CALL,10,0,PENDING,0,Baseline,1
Tiwm4fus1,2025-10-17T00:13:11.537Z,EURUSD,CALL,10,0,PENDING,0,Baseline,1
T7rfkzm53,2025-10-17T00:14:11.552Z,EURUSD,PUT,10,0,PENDING,0,Baseline,1
Tnlit6sp8,2025-10-17T00:15:11.571Z,EURUSD,PUT,10,0,PENDING,0,Baseline,1
Tnhscyel3,2025-10-17T00:16:11.583Z,EURUSD,PUT,10,0,PENDING,0,Baseline,1
Tes1wedhf,2025-10-17T00:17:11.586Z,EURUSD,CALL,10,0,PENDING,0,Baseline,1
T6450rhcd,2025-10-17T00:18:11.599Z,XAUUSD,PUT,10,0,PENDING,0,Baseline,1
Tlbjgi3ti,2025-10-17T00:19:11.614Z,EURUSD,PUT,10,0,PENDING,0,Baseline,1
T5d84d438,2025-10-17T00:20:11.614Z,EURUSD,PUT,10,0,PENDING,0,Baseline,1
Telz400ml,2025-10-17T00:21:11.630Z,XAUUSD,PUT,10,0,PENDING,0,Baseline,1
Tiko2yt78,2025-10-17T00:22:11.644Z,EURUSD,PUT,10,0,PENDING,0,Baseline,1
T4uhsewv0,2025-10-17T00:23:11.645Z,EURUSD,CALL,10,0,PENDING,0,Baseline,1
T093k144h,2025-10-17T00:24:11.659Z,XAUUSD,PUT,10,0,PENDING,0,Baseline,1
T5eta62qd,2025-10-17T00:25:11.662Z,EURUSD,CALL,10,0,PENDING,0,Baseline,1
Tvug35cdz,2025-10-17T00:26:11.677Z,XAUUSD,CALL,10,0,PENDING,0,Baseline,1
Tgtmglj2y,2025-10-17T00:27:11.692Z,EURUSD,PUT,10,0,PENDING,0,Baseline,1
T1h7iwgij,2025-10-17T00:28:11.709Z,EURUSD,CALL,10,0,PENDING,0,Baseline,1
T0krlg6w7,2025-10-17T00:29:11.724Z,EURUSD,CALL,10,0,PENDING,0,Baseline,1
T4hs7wbeu,2025-10-17T00:30:11.740Z,EURUSD,PUT,10,0,PENDING,0,Baseline,1
Tztoa4s6z,2025-10-17T00:31:11.753Z,XAUUSD,PUT,10,0,PENDING,0,Baseline,1
Tsulfdmkj,2025-10-17T00:32:11.755Z,XAUUSD,CALL,10,0,PENDING,0,Baseline,1
Tzg1o71p7,2025-10-17T00:33:11.768Z,XAUUSD,PUT,10,0,PENDING,0,Baseline,1
Tqbnrxhcw,2025-10-17T00:34:11.787Z,EURUSD,PUT,10,0,PENDING,0,Baseline,1
Tf00h6s2p,2025-10-17T00:35:11.796Z,XAUUSD,PUT,10,0,PENDING,0,Baseline,1
Tvsbf4d63,2025-10-17T00:36:11.809Z,XAUUSD,PUT,10,0,PENDING,0,Baseline,1
Tt9rlsfvh,2025-10-17T00:37:11.818Z,EURUSD,CALL,10,0,PENDING,0,Baseline,1
Tm2eqchrz,2025-10-17T00:38:11.831Z,XAUUSD,PUT,10,0,PENDING,0,Baseline,1
Tnsjzmpkr,2025-10-17T00:39:11.833Z,EURUSD,PUT,10,0,PENDING,0,Baseline,1
Tcott1ne9,2025-10-17T00:40:11.833Z,XAUUSD,CALL,10,0,PENDING,0,Baseline,1
T7ndfoaw0,2025-10-17T00:41:11.849Z,XAUUSD,CALL,10,0,PENDING,0,Baseline,1
T4m0g4hwg,2025-10-17T00:42:11.849Z,EURUSD,CALL,10,0,PENDING,0,Baseline,1
Toh2rft3x,2025-10-17T00:43:11.864Z,EURUSD,PUT,10,0,PENDING,0,Baseline,1
Tyfm32nf2,2025-10-17T00:44:11.880Z,XAUUSD,PUT,10,0,PENDING,0,Baseline,1
Tjh2kxtjb,2025-10-17T00:45:11.895Z,EURUSD,CALL,10,0,PENDING,0,Baseline,1
Twwh3p61r,2025-10-17T00:46:11.897Z,XAUUSD,CALL,10,0,PENDING,0,Baseline,1
Tupwphe83,2025-10-17T00:47:11.912Z,EURUSD,PUT,10,0,PENDING,0,Baseline,1
T8pjhbmwx,2025-10-17T00:48:11.927Z,EURUSD,CALL,10,0,PENDING,0,Baseline,1
T94qdncve,2025-10-17T00:49:11.942Z,XAUUSD,PUT,10,0,PENDING,0,Baseline,1
Trmibnae0,2025-10-17T00:50:16.204Z,EURUSD,PUT,10,0,PENDING,0,Baseline,1
Tskv8zk9t,2025-10-17T00:51:16.207Z,XAUUSD,CALL,10,0,PENDING,0,Baseline,1
Tckjld3wm,2025-10-17T00:52:24.822Z,EURUSD,CALL,10,0,PENDING,0,Baseline,1
T6dwalh05,2025-10-17T00:53:24.836Z,XAUUSD,PUT,10,0,PENDING,0,Baseline,1
Tndumx6oi,2025-10-17T00:54:24.837Z,EURUSD,PUT,10,0,PENDING,0,Baseline,1
Tbe3l83cp,2025-10-17T00:55:24.839Z,XAUUSD,PUT,10,0,PENDING,0,Baseline,1
Ta7vea1n3,2025-10-17T00:56:24.854Z,XAUUSD,CALL,10,0,PENDING,0,Baseline,1
Tt602zht6,2025-10-17T00:57:24.869Z,XAUUSD,CALL,10,0,PENDING,0,Baseline,1
T8emopk6j,2025-10-17T00:58:24.871Z,XAUUSD,CALL,10,0,PENDING,0,Baseline,1
T74cc2380,2025-10-17T00:59:24.872Z,EURUSD,CALL,10,0,PENDING,0,Baseline,1
Ti7b5e2wl,2025-10-17T01:00:24.885Z,XAUUSD,PUT,10,0,PENDING,0,Baseline,1
Tqi1ar4yq,2025-10-17T01:01:24.900Z,EURUSD,PUT,10,0,PENDING,0,Baseline,1
Terax36ei,2025-10-17T01:02:24.910Z,EURUSD,CALL,10,0,PENDING,0,Baseline,1
T1of6ht1u,2025-10-17T01:03:24.919Z,XAUUSD,CALL,10,0,PENDING,0,Baseline,1
Th8b5y0no,2025-10-17T01:04:24.920Z,EURUSD,PUT,10,0,PENDING,0,Baseline,1
Thjmnoiy7,2025-10-17T01:05:24.930Z,XAUUSD,PUT,10,0,PENDING,0,Baseline,1
Tblj3s5tx,2025-10-17T01:06:24.934Z,XAUUSD,PUT,10,0,PENDING,0,Baseline,1
Tu5fo7f27,2025-10-17T01:07:24.943Z,EURUSD,PUT,10,0,PENDING,0,Baseline,1
Tiw303kbi,2025-10-17T01:08:24.950Z,EURUSD,PUT,10,0,PENDING,0,Baseline,1
T6zwwb0qu,2025-10-17T01:09:24.951Z,XAUUSD,PUT,10,0,PENDING,0,Baseline,1
T4iig9mto,2025-10-17T01:10:24.964Z,EURUSD,PUT,10,0,PENDING,0,Baseline,1
Tlnxtywbi,2025-10-17T01:11:24.966Z,XAUUSD,CALL,10,0,PENDING,0,Baseline,1
T87mx1gud,2025-10-17T01:12:24.967Z,EURUSD,CALL,10,0,PENDING,0,Baseline,1
Tq2bu79b1,2025-10-17T01:13:24.980Z,EURUSD,PUT,10,0,PENDING,0,Baseline,1
Tpeqpjprh,2025-10-17T01:14:24.982Z,EURUSD,PUT,10,0,PENDING,0,Baseline,1
Tweyudgpp,2025-10-17T01:15:24.998Z,XAUUSD,CALL,10,0,PENDING,0,Baseline,1
Th5j0bahr,2025-10-17T01:16:25.013Z,EURUSD,PUT,10,0,PENDING,0,Baseline,1
Tazjyp7dv,2025-10-17T01:17:25.021Z,XAUUSD,PUT,10,0,PENDING,0,Baseline,1
Tzeljvjzf,2025-10-17T01:18:25.029Z,XAUUSD,CALL,10,0,PENDING,0,Baseline,1
Tptro9rf1,2025-10-17T01:19:25.032Z,EURUSD,CALL,10,0,PENDING,0,Baseline,1
Tvuxu1uc3,2025-10-17T01:20:25.045Z,EURUSD,CALL,10,0,PENDING,0,Baseline,1
Tskr1h7ta,2025-10-17T01:21:25.046Z,EURUSD,CALL,10,0,PENDING,0,Baseline,1
T5y19v4og,2025-10-17T01:23:14.923Z,XAUUSD,CALL,10,0,PENDING,0,Baseline,1
T4qk2gj7h,2025-10-17T01:24:16.716Z,EURUSD,PUT,10,0,PENDING,0,Baseline,1
Tgjp48w3s,2025-10-17T01:25:27.511Z,XAUUSD,CALL,10,0,PENDING,0,Baseline,1
Tzhy2qq4i,2025-10-17T01:26:27.525Z,XAUUSD,PUT,10,0,PENDING,0,Baseline,1
Tfu2a9tjo,2025-10-17T01:27:41.533Z,EURUSD,CALL,10,0,PENDING,0,Baseline,1
Tqc5dkw6z,2025-10-17T01:28:41.546Z,EURUSD,CALL,10,0,PENDING,0,Baseline,1
Tazg75dgl,2025-10-17T06:05:48.304Z,XAUUSD,PUT,10,0,PENDING,0,Baseline,1
T2q6xjdcd,2025-10-17T06:06:48.310Z,XAUUSD,CALL,10,0,PENDING,0,Baseline,1
T1p0z9hdx,2025-10-17T06:07:48.314Z,XAUUSD,CALL,10,0,PENDING,0,Baseline,1
Tfomknap2,2025-10-17T06:08:48.324Z,XAUUSD,PUT,10,0,PENDING,0,Baseline,1
Trqm2h0hh,2025-10-17T06:09:48.328Z,XAUUSD,CALL,10,0,PENDING,0,Baseline,1
T17ojjxwy,2025-10-17T06:10:48.335Z,XAUUSD,CALL,10,0,PENDING,0,Baseline,1
T1ztlom1r,2025-10-17T06:11:48.337Z,XAUUSD,CALL,10,0,PENDING,0,Baseline,1
Tnvu0rbh6,2025-10-17T06:12:48.339Z,XAUUSD,CALL,10,0,PENDING,0,Baseline,1
T4ax0batr,2025-10-17T06:13:48.343Z,XAUUSD,PUT,10,0,PENDING,0,Baseline,1
Tpym2147p,2025-10-17T06:14:48.353Z,XAUUSD,PUT,10,0,PENDING,0,Baseline,1
T70y7sap3,2025-10-17T06:15:48.356Z,XAUUSD,PUT,10,0,PENDING,0,Baseline,1
T3c8ky31z,2025-10-17T06:16:48.359Z,XAUUSD,PUT,10,0,PENDING,0,Baseline,1
Tswqoi5yi,2025-10-17T06:17:48.365Z,XAUUSD,PUT,10,0,PENDING,0,Baseline,1
Tw332q6sd,2025-10-17T06:18:48.369Z,XAUUSD,PUT,10,0,PENDING,0,Baseline,1
Tqewn4635,2025-10-17T06:19:48.372Z,XAUUSD,PUT,10,0,PENDING,0,Baseline,1
T0x0fnr73,2025-10-17T06:20:48.375Z,XAUUSD,PUT,10,0,PENDING,0,Baseline,1
T9bx5bsdq,2025-10-17T06:21:48.379Z,XAUUSD,PUT,10,0,PENDING,0,Baseline,1
T8xm9do3g,2025-10-17T06:22:48.399Z,XAUUSD,CALL,10,0,PENDING,0,Baseline,1
T3fjm23qt,2025-10-17T06:23:48.402Z,XAUUSD,CALL,10,0,PENDING,0,Baseline,1
To8a5kyct,2025-10-17T06:24:48.407Z,XAUUSD,CALL,10,0,PENDING,0,Baseline,1
T8mx5crp8,2025-10-17T06:25:48.411Z,XAUUSD,PUT,10,0,PENDING,0,Baseline,1
T8e0h1s75,2025-10-17T06:26:48.417Z,XAUUSD,PUT,10,0,PENDING,0,Baseline,1
Tg0ihjkv5,2025-10-17T06:27:48.423Z,XAUUSD,CALL,10,0,PENDING,0,Baseline,1
Tvvlywwsq,2025-10-17T06:28:48.430Z,XAUUSD,PUT,10,0,PENDING,0,Baseline,1
Thrch3ykg,2025-10-17T06:29:48.434Z,XAUUSD,CALL,10,0,PENDING,0,Baseline,1
T247dmjbi,2025-10-17T06:30:48.440Z,XAUUSD,CALL,10,0,PENDING,0,Baseline,1
T5agyqvea,2025-10-17T06:31:48.441Z,XAUUSD,PUT,10,0,PENDING,0,Baseline,1
Tzljqt2tk,2025-10-17T06:32:48.443Z,XAUUSD,CALL,10,0,PENDING,0,Baseline,1
Tlg7bj9k6,2025-10-17T06:33:48.447Z,XAUUSD,PUT,10,0,PENDING,0,Baseline,1
Tqkf8oqcy,2025-10-17T06:34:48.449Z,XAUUSD,CALL,10,0,PENDING,0,Baseline,1
T5scgg9ju,2025-10-17T06:35:48.452Z,XAUUSD,CALL,10,0,PENDING,0,Baseline,1
Trm9ft515,2025-10-17T06:36:48.458Z,XAUUSD,PUT,10,0,PENDING,0,Baseline,1
Tcurqk8bv,2025-10-17T06:37:48.461Z,XAUUSD,CALL,10,0,PENDING,0,Baseline,1
Toyk1v3j0,2025-10-17T06:38:45.667Z,XAUUSD,PUT,10,0,PENDING,0,Baseline,1
Tvy4j1x4y,2025-10-17T06:39:45.671Z,XAUUSD,CALL,10,0,PENDING,0,Baseline,1
T3xv6e9jb,2025-10-17T06:40:45.673Z,XAUUSD,PUT,10,0,PENDING,0,Baseline,1
Tttqw1wwj,2025-10-17T06:41:45.676Z,XAUUSD,CALL,10,0,PENDING,0,Baseline,1
Tomne37cr,2025-10-17T06:46:31.832Z,XAUUSD,PUT,10,0,PENDING,0,Baseline,1
Tmh87h4ov,2025-10-17T06:47:23.194Z,XAUUSD,CALL,10,0,PENDING,0,Baseline,1
Tlbytuv2k,2025-10-17T06:48:23.199Z,XAUUSD,CALL,10,0,PENDING,0,Baseline,1
Tz8d7i5ux,2025-10-17T06:49:23.201Z,XAUUSD,CALL,10,0,PENDING,0,Baseline,1
T7l77q8vi,2025-10-17T06:50:23.203Z,XAUUSD,CALL,10,0,PENDING,0,Baseline,1
Tj5g4xyeu,2025-10-17T06:51:23.213Z,XAUUSD,CALL,10,0,PENDING,0,Baseline,1
T4h4icxib,2025-10-17T06:52:23.215Z,XAUUSD,PUT,10,0,PENDING,0,Baseline,1
Tkco48l30,2025-10-17T06:53:23.219Z,XAUUSD,PUT,10,0,PENDING,0,Baseline,1
Tjjdxilm1,2025-10-17T06:54:23.223Z,XAUUSD,PUT,10,0,PENDING,0,Baseline,1
Tn1h27aw4,2025-10-17T06:55:23.226Z,XAUUSD,PUT,10,0,PENDING,0,Baseline,1
Tf0a69nub,2025-10-17T06:56:23.229Z,XAUUSD,CALL,10,0,PENDING,0,Baseline,1
Tqugfrxtw,2025-10-17T06:57:23.232Z,XAUUSD,PUT,10,0,PENDING,0,Baseline,1
T8d9qaa0k,2025-10-17T06:58:23.235Z,XAUUSD,CALL,10,0,PENDING,0,Baseline,1
Trxy09iw0,2025-10-17T06:59:23.238Z,XAUUSD,PUT,10,0,PENDING,0,Baseline,1
T37z53bbd,2025-10-17T07:00:23.242Z,XAUUSD,CALL,10,0,PENDING,0,Baseline,1
Tawqnygwp,2025-10-17T07:01:23.247Z,XAUUSD,CALL,10,0,PENDING,0,Baseline,1
Tqwqyj6gz,2025-10-17T07:02:23.261Z,XAUUSD,PUT,10,0,PENDING,0,Baseline,1
T13l213xh,2025-10-17T07:03:23.266Z,XAUUSD,CALL,10,0,PENDING,0,Baseline,1
Trb3ocar4,2025-10-17T07:04:23.270Z,XAUUSD,CALL,10,0,PENDING,0,Baseline,1
T7jo2a7yi,2025-10-17T07:05:23.277Z,XAUUSD,CALL,10,0,PENDING,0,Baseline,1
Tj4ptl4uh,2025-10-17T07:06:23.283Z,XAUUSD,PUT,10,0,PENDING,0,Baseline,1
T1jgwk0cz,2025-10-17T07:07:23.288Z,XAUUSD,PUT,10,0,PENDING,0,Baseline,1
Temqdzfqx,2025-10-17T07:08:23.291Z,XAUUSD,CALL,10,0,PENDING,0,Baseline,1
T7hmgum6r,2025-10-17T07:09:23.293Z,XAUUSD,PUT,10,0,PENDING,0,Baseline,1
T5awywsxy,2025-10-17T07:10:23.296Z,XAUUSD,CALL,10,0,PENDING,0,Baseline,1
Tigtzem57,2025-10-17T07:11:23.298Z,XAUUSD,PUT,10,0,PENDING,0,Baseline,1
Tb49uss8r,2025-10-17T07:12:23.299Z,XAUUSD,CALL,10,0,PENDING,0,Baseline,1
Tvls0fo1d,2025-10-17T07:13:23.302Z,XAUUSD,CALL,10,0,PENDING,0,Baseline,1
Tshng5ive,2025-10-17T07:14:23.304Z,XAUUSD,PUT,10,0,PENDING,0,Baseline,1
Td0hrcvof,2025-10-17T07:15:23.307Z,XAUUSD,CALL,10,0,PENDING,0,Baseline,1
T62ie4ecw,2025-10-17T07:16:23.311Z,XAUUSD,PUT,10,0,PENDING,0,Baseline,1
T5qdk24wa,2025-10-17T07:17:23.317Z,XAUUSD,PUT,10,0,PENDING,0,Baseline,1
Tt6pyh0hq,2025-10-17T07:18:23.320Z,XAUUSD,CALL,10,0,PENDING,0,Baseline,1
Tuc489qeq,2025-10-17T07:19:23.322Z,XAUUSD,CALL,10,0,PENDING,0,Baseline,1
Tffcynlg5,2025-10-17T07:20:23.324Z,XAUUSD,PUT,10,0,PENDING,0,Baseline,1
Tfmlnfd9v,2025-10-17T07:21:23.328Z,XAUUSD,CALL,10,0,PENDING,0,Baseline,1
Tme1zue0c,2025-10-17T07:22:23.334Z,XAUUSD,PUT,10,0,PENDING,0,Baseline,1
Tb0o7jrot,2025-10-17T07:23:23.337Z,XAUUSD,CALL,10,0,PENDING,0,Baseline,1
Tg096560q,2025-10-17T07:24:23.339Z,XAUUSD,CALL,10,0,PENDING,0,Baseline,1
T28ag7je6,2025-10-17T07:25:23.342Z,XAUUSD,CALL,10,0,PENDING,0,Baseline,1
Tzuo6z74h,2025-10-17T07:26:23.346Z,XAUUSD,CALL,10,0,PENDING,0,Baseline,1
T1it27cd7,2025-10-17T07:27:23.350Z,XAUUSD,PUT,10,0,PENDING,0,Baseline,1
Tv1vlgfm3,2025-10-17T07:28:23.356Z,XAUUSD,PUT,10,0,PENDING,0,Baseline,1
Tu2vnboc9,2025-10-17T07:29:23.360Z,XAUUSD,CALL,10,0,PENDING,0,Baseline,1
T77sk9388,2025-10-17T07:30:23.364Z,XAUUSD,CALL,10,0,PENDING,0,Baseline,1
Tt5ogxgam,2025-10-17T07:31:23.368Z,XAUUSD,CALL,10,0,PENDING,0,Baseline,1
Tqw8204ft,2025-10-17T07:32:23.371Z,XAUUSD,PUT,10,0,PENDING,0,Baseline,1
Taxlwdl2q,2025-10-17T07:33:23.376Z,XAUUSD,PUT,10,0,PENDING,0,Baseline,1
Toh3eo6lq,2025-10-17T07:34:23.380Z,XAUUSD,CALL,10,0,PENDING,0,Baseline,1
Ti8mc4oxu,2025-10-17T07:35:23.384Z,XAUUSD,PUT,10,0,PENDING,0,Baseline,1
Ty5w61d0w,2025-10-17T07:36:23.386Z,XAUUSD,CALL,10,0,PENDING,0,Baseline,1
Tycsi1rgl,2025-10-17T07:37:23.398Z,XAUUSD,PUT,10,0,PENDING,0,Baseline,1
Tz29l2eyt,2025-10-17T07:38:23.402Z,XAUUSD,PUT,10,0,PENDING,0,Baseline,1
Tuwy0zq8o,2025-10-17T07:39:23.406Z,XAUUSD,PUT,10,0,PENDING,0,Baseline,1
Tmwxgmuph,2025-10-17T07:40:23.409Z,XAUUSD,CALL,10,0,PENDING,0,Baseline,1
Thdt4c57o,2025-10-17T07:41:23.410Z,XAUUSD,CALL,10,0,PENDING,0,Baseline,1
T0yr91nev,2025-10-17T07:42:23.413Z,XAUUSD,CALL,10,0,PENDING,0,Baseline,1
Tctvg0v22,2025-10-17T07:43:23.414Z,XAUUSD,CALL,10,0,PENDING,0,Baseline,1
T08ubhe97,2025-10-17T07:44:23.416Z,XAUUSD,PUT,10,0,PENDING,0,Baseline,1
Tfzgn1xo9,2025-10-17T07:45:23.419Z,XAUUSD,CALL,10,0,PENDING,0,Baseline,1
T2vi15g84,2025-10-17T07:46:23.420Z,XAUUSD,CALL,10,0,PENDING,0,Baseline,1
Tq90hopu9,2025-10-17T07:47:23.421Z,XAUUSD,CALL,10,0,PENDING,0,Baseline,1
T10v5z0ze,2025-10-17T07:48:23.426Z,XAUUSD,PUT,10,0,PENDING,0,Baseline,1
Thdpll6mi,2025-10-17T07:49:23.429Z,XAUUSD,PUT,10,0,PENDING,0,Baseline,1
Tjnewybdv,2025-10-17T07:50:23.435Z,XAUUSD,CALL,10,0,PENDING,0,Baseline,1
T2gon5g43,2025-10-17T07:51:23.437Z,XAUUSD,CALL,10,0,PENDING,0,Baseline,1
T1h8wi1fy,2025-10-17T07:52:38.982Z,XAUUSD,PUT,10,0,PENDING,0,Baseline,1
Tgyf5546a,2025-10-17T07:53:38.991Z,XAUUSD,CALL,10,0,PENDING,0,Baseline,1
Tlzikhtro,2025-10-17T07:54:38.996Z,XAUUSD,CALL,10,0,PENDING,0,Baseline,1
Tavg81djj,2025-10-17T07:55:39.001Z,XAUUSD,PUT,10,0,PENDING,0,Baseline,1
Ts1xgyk0u,2025-10-17T07:56:39.009Z,XAUUSD,CALL,10,0,PENDING,0,Baseline,1
T0anh53t1,2025-10-17T07:57:39.017Z,XAUUSD,CALL,10,0,PENDING,0,Baseline,1
Th16od0ui,2025-10-17T07:58:39.019Z,XAUUSD,CALL,10,0,PENDING,0,Baseline,1
Tuj8z4u00,2025-10-17T07:59:39.021Z,XAUUSD,CALL,10,0,PENDING,0,Baseline,1
Tor7dg87z,2025-10-17T08:00:39.025Z,XAUUSD,PUT,10,0,PENDING,0,Baseline,1
T1c2a2vpu,2025-10-17T08:01:39.029Z,XAUUSD,PUT,10,0,PENDING,0,Baseline,1
Tv20sl59u,2025-10-17T08:02:39.030Z,XAUUSD,CALL,10,0,PENDING,0,Baseline,1
Tasntwey5,2025-10-17T08:03:39.047Z,XAUUSD,CALL,10,0,PENDING,0,Baseline,1
Trnlgptbe,2025-10-17T08:04:39.062Z,XAUUSD,PUT,10,0,PENDING,0,Baseline,1
Twzzi45tu,2025-10-17T08:05:39.067Z,XAUUSD,CALL,10,0,PENDING,0,Baseline,1
Tf4cxgdz4,2025-10-17T08:06:39.068Z,XAUUSD,CALL,10,0,PENDING,0,Baseline,1
Txjwk9p6d,2025-10-17T08:07:39.078Z,XAUUSD,PUT,10,0,PENDING,0,Baseline,1
Tufwqjmjh,2025-10-17T08:08:39.094Z,XAUUSD,CALL,10,0,PENDING,0,Baseline,1
Twvwow27s,2025-10-17T08:09:39.101Z,XAUUSD,PUT,10,0,PENDING,0,Baseline,1
T2991f29g,2025-10-17T08:10:39.103Z,XAUUSD,PUT,10,0,PENDING,0,Baseline,1
Towljz005,2025-10-17T08:11:39.107Z,XAUUSD,CALL,10,0,PENDING,0,Baseline,1
Tpico93i8,2025-10-17T08:12:39.108Z,XAUUSD,CALL,10,0,PENDING,0,Baseline,1
Tk6dyox89,2025-10-17T08:13:39.110Z,XAUUSD,PUT,10,0,PENDING,0,Baseline,1
T52lr1dxi,2025-10-17T08:14:39.112Z,XAUUSD,CALL,10,0,PENDING,0,Baseline,1
Tr18jm0vo,2025-10-17T08:15:39.113Z,XAUUSD,PUT,10,0,PENDING,0,Baseline,1
T6077zj2k,2025-10-17T08:16:39.115Z,XAUUSD,CALL,10,0,PENDING,0,Baseline,1
Tjqdnuzlr,2025-10-17T08:17:39.119Z,XAUUSD,PUT,10,0,PENDING,0,Baseline,1
T61m19zl7,2025-10-17T08:18:39.121Z,XAUUSD,CALL,10,0,PENDING,0,Baseline,1
T4leborh3,2025-10-17T08:19:39.127Z,XAUUSD,PUT,10,0,PENDING,0,Baseline,1
T23rkvcr5,2025-10-17T08:20:39.130Z,XAUUSD,PUT,10,0,PENDING,0,Baseline,1
Tw4894z2w,2025-10-17T08:21:39.135Z,XAUUSD,PUT,10,0,PENDING,0,Baseline,1
T5dfb9ndp,2025-10-17T08:22:39.139Z,XAUUSD,CALL,10,0,PENDING,0,Baseline,1
Tfnceokgt,2025-10-17T08:23:39.142Z,XAUUSD,CALL,10,0,PENDING,0,Baseline,1
Tsi469r0a,2025-10-17T08:24:39.147Z,XAUUSD,PUT,10,0,PENDING,0,Baseline,1
Ttpqn7qg9,2025-10-17T08:25:39.150Z,XAUUSD,PUT,10,0,PENDING,0,Baseline,1
Tg254zcpc,2025-10-17T08:26:39.154Z,XAUUSD,PUT,10,0,PENDING,0,Baseline,1
Tnos1azar,2025-10-17T08:27:39.156Z,XAUUSD,CALL,10,0,PENDING,0,Baseline,1
Tl3dmkcx0,2025-10-17T08:28:39.161Z,XAUUSD,PUT,10,0,PENDING,0,Baseline,1
Txark8qgl,2025-10-17T08:29:39.170Z,XAUUSD,PUT,10,0,PENDING,0,Baseline,1
Tlyshvib7,2025-10-17T08:30:39.174Z,XAUUSD,PUT,10,0,PENDING,0,Baseline,1
Tnjjashui,2025-10-17T08:31:39.177Z,XAUUSD,PUT,10,0,PENDING,0,Baseline,1
Tfcbxv1l9,2025-10-17T08:32:39.180Z,XAUUSD,CALL,10,0,PENDING,0,Baseline,1
T2vr0vnoa,2025-10-17T08:33:39.183Z,XAUUSD,CALL,10,0,PENDING,0,Baseline,1
Tmkasmmzk,2025-10-17T08:34:39.185Z,XAUUSD,PUT,10,0,PENDING,0,Baseline,1
Tz0h65qhp,2025-10-17T08:35:39.188Z,XAUUSD,CALL,10,0,PENDING,0,Baseline,1
Tw825ws44,2025-10-17T08:36:39.190Z,XAUUSD,CALL,10,0,PENDING,0,Baseline,1
Tao6lghnq,2025-10-17T08:37:39.194Z,XAUUSD,PUT,10,0,PENDING,0,Baseline,1
Th9lcgrm2,2025-10-17T08:38:39.199Z,XAUUSD,CALL,10,0,PENDING,0,Baseline,1
T3iyiskbd,2025-10-17T08:39:39.203Z,XAUUSD,CALL,10,0,PENDING,0,Baseline,1
Ts8xqribi,2025-10-17T08:40:39.205Z,XAUUSD,PUT,10,0,PENDING,0,Baseline,1
T268pm3ev,2025-10-17T08:41:39.206Z,XAUUSD,PUT,10,0,PENDING,0,Baseline,1
T2v7470g9,2025-10-17T08:42:39.209Z,XAUUSD,PUT,10,0,PENDING,0,Baseline,1
T52cj7a4h,2025-10-17T08:43:39.213Z,XAUUSD,CALL,10,0,PENDING,0,Baseline,1
Tt94vbvrm,2025-10-17T08:44:39.218Z,XAUUSD,CALL,10,0,PENDING,0,Baseline,1
Tdbsxoqik,2025-10-17T08:45:39.219Z,XAUUSD,CALL,10,0,PENDING,0,Baseline,1
Tbyz7z8as,2025-10-17T08:46:39.222Z,XAUUSD,CALL,10,0,PENDING,0,Baseline,1
T6i6a7xu9,2025-10-17T08:47:39.224Z,XAUUSD,PUT,10,0,PENDING,0,Baseline,1
T1dq9kr31,2025-10-17T08:48:39.226Z,XAUUSD,CALL,10,0,PENDING,0,Baseline,1
Tl242ndtk,2025-10-17T08:49:39.234Z,XAUUSD,PUT,10,0,PENDING,0,Baseline,1
Tzmoo5jdv,2025-10-17T08:50:39.236Z,XAUUSD,CALL,10,0,PENDING,0,Baseline,1
T24rcgzrb,2025-10-17T08:51:39.238Z,XAUUSD,PUT,10,0,PENDING,0,Baseline,1
Tb31olekr,2025-10-17T08:52:39.240Z,XAUUSD,CALL,10,0,PENDING,0,Baseline,1
T3fapd86r,2025-10-17T08:53:39.241Z,XAUUSD,PUT,10,0,PENDING,0,Baseline,1
Tidk9kgnb,2025-10-17T08:54:39.242Z,XAUUSD,CALL,10,0,PENDING,0,Baseline,1
Txdvnreg5,2025-10-17T08:55:39.250Z,XAUUSD,PUT,10,0,PENDING,0,Baseline,1
T7nzzh6zc,2025-10-17T08:56:39.253Z,XAUUSD,PUT,10,0,PENDING,0,Baseline,1
Tb4f3x9it,2025-10-17T08:57:39.257Z,XAUUSD,CALL,10,0,PENDING,0,Baseline,1
T3cgfcost,2025-10-17T08:58:39.261Z,XAUUSD,CALL,10,0,PENDING,0,Baseline,1
Tksnh3puc,2025-10-17T08:59:39.263Z,XAUUSD,CALL,10,0,PENDING,0,Baseline,1
Tgyn8qh81,2025-10-17T09:02:05.329Z,XAUUSD,CALL,10,0,PENDING,0,Baseline,1
Te1pgvln2,2025-10-17T09:02:13.194Z,XAUUSD,CALL,10,0,PENDING,0,Baseline,1
Txz1ju2na,2025-10-17T09:03:28.991Z,XAUUSD,PUT,10,0,PENDING,0,Baseline,1
T15n738b5,2025-10-17T09:15:43.369Z,XAUUSD,PUT,10,0,PENDING,0,Baseline,1
